FlowUserPerformer hbm xml name id,1
FlowTaskRefuse hbm xml name id,1
FlowTaskAssigner hbm xml name id,1
FlowProcTransition hbm xml name id,1
NewTask hbm xml name id,1
FlowTaskUser hbm xml name id,1
FlowRolePerformer hbm xml name id,1
Resource hbm xml name id,1
User hbm xml name id,1
FlowProcRelativeData hbm xml name id,1
FlowTaskRole hbm xml name id,1
powerstone ca tld name url name,1
powerstone ca tld name url name,1
UserRight hbm xml name user,1
User hbm xml select ur from UserRight as ur where ur user id and ur resource id and ur privilege,1
GroupRight hbm xml name group,1
Group hbm xml select gr from GroupRight as gr where gr group groupID and gr resource id and gr privilege,1
Group hbm xml select g from Group as g left join g rights as gr where gr resource id,1
Group hbm xml select gr from GroupRight as gr where gr group groupID and gr resource id and gr privilege,1
GroupRight hbm xml name resource,1
Role hbm xml select r from Role as r left join r rights as rr where rr resource id,1
Role hbm xml select rr from RoleRight as rr where rr role roleID and rr resource id and rr privilege,1
UserRight hbm xml name resource,1
RoleRight hbm xml name resource,1
User hbm xml select u from User as u left join u rights as ur where ur resource id,1
User hbm xml select ur from UserRight as ur where ur user id and ur resource id and ur privilege,1
FlowNodeOutputParamBinding hbm xml name flowNodeBinding,1
FlowNodeInputParamBinding hbm xml name flowNodeBinding,1
FlowRolePerformer hbm xml name flowNodeBinding,1
FlowUserPerformer hbm xml name flowNodeBinding,1
FlowTask hbm xml select count from FlowTaskUser tu join tu flowTask task join tu flowTask flowNodeBinding flowDeploy workflowMeta businessType bt where tu userID and task taskState in and bt typeID,1
FlowNodeBinding hbm xml select fup flowNodeBinding from FlowUserPerformer fup where fup userID,1
FlowNodeBinding hbm xml select frp flowNodeBinding from FlowRolePerformer frp where frp roleID,1
FlowTask hbm xml name flowNodeBinding,1
FlowTask hbm xml select bt typeID count from FlowTaskUser tu join tu flowTask task join tu flowTask flowNodeBinding flowDeploy workflowMeta businessType bt where tu userID and task taskState in group by bt,1
FlowTask hbm xml select task from FlowTask task join task flowNodeBinding node where node nodeBindingID and task taskState,1
FlowTask hbm xml select bt typeID count from FlowTaskUser tu join tu flowTask task join tu flowTask flowNodeBinding flowDeploy workflowMeta businessType bt where tu userID and task taskState group by bt,1
FlowTask hbm xml select task from FlowTask task join task flowNodeBinding node join task flowProcTransaction flowProc flowProc where node flowNodeID and flowProc flowProcID,1
FlowTask hbm xml select count from NewTask nt join nt flowTask task join task flowNodeBinding flowDeploy workflowMeta businessType bt where nt taskCandidateUserID and task taskState in and bt typeID,1
FlowTask hbm xml select task from FlowTaskUser tu join tu flowTask task join tu flowTask flowNodeBinding flowDeploy workflowMeta businessType bt where tu userID and bt typeID and task taskState in order by task startTime desc,1
FlowTask hbm xml select task from NewTask nt join nt flowTask task join task flowNodeBinding flowDeploy workflowMeta businessType bt where nt taskCandidateUserID and bt typeID and task taskState in order by task createTime desc,1
FlowTask hbm xml select task from FlowTaskUser tu join tu flowTask task join tu flowTask flowNodeBinding flowDeploy workflowMeta businessType bt where tu userID and bt typeID and task taskState in order by task overTime desc,1
FlowTask hbm xml select count from FlowTaskUser tu join tu flowTask task join tu flowTask flowNodeBinding flowDeploy workflowMeta businessType bt where tu userID and task taskState in and bt typeID,1
FlowTask hbm xml select bt typeID count from NewTask nt join nt flowTask task join task flowNodeBinding flowDeploy workflowMeta businessType bt where nt taskCandidateUserID and task taskState in group by bt,1
User hbm xml name memo,1
flowDeployForm jsp spring bind path flowDeploy memo,1
FlowDeploy hbm xml name memo,1
roleForm jsp spring bind path role memo,1
Role hbm xml name memo,1
showExecutingTask jsp TD nowrap width 80 height 30 align left c out value flowDriver memo nbsp TD,1
driverForm jsp spring bind path driver memo,1
WorkflowDriver hbm xml name memo,1
groupForm jsp spring bind path group memo,1
Group hbm xml name memo,1
FlowTaskRole hbm xml name roleID,1
FlowRolePerformer hbm xml name roleID,1
FlowNodeBinding hbm xml select frp flowNodeBinding from FlowRolePerformer frp where frp roleID,1
configNodePerformer jsp option value c out value currRole roleID,1
Role hbm xml select rr from RoleRight as rr where rr role roleID and rr resource id and rr privilege,1
Role hbm xml select r from Role as r order by r roleID,1
Role hbm xml select r users from Role as r where r roleID,1
roleForm jsp spring bind path role roleID,1
Role hbm xml name roleID,1
UserToken hbm xml name userID,1
UserToken hbm xml select ut from UserToken as ut where ut userID and ut ipAddress,1
FlowTaskAssigner hbm xml select fta from FlowTaskAssigner fta inner join fta flowTask ft where fta userID and ft taskID,1
FlowTask hbm xml select count from FlowTaskAssigner fta join fta flowTask task where fta userID and task taskState in,1
FlowTaskAssigner hbm xml name userID,1
FlowTask hbm xml select task from FlowTaskAssigner fta join fta flowTask task where fta userID and task taskState in,1
FlowTask hbm xml select bt typeID count from FlowTaskUser tu join tu flowTask task join tu flowTask flowNodeBinding flowDeploy workflowMeta businessType bt where tu userID and task taskState in group by bt,1
FlowTask hbm xml select task from FlowTaskUser tu join tu flowTask task join tu flowTask flowNodeBinding flowDeploy workflowMeta businessType bt where tu userID and bt typeID and task taskState in order by task overTime desc,1
FlowTask hbm xml select task from FlowTaskUser tu join tu flowTask task where task taskState in and tu userID,1
FlowTaskUser hbm xml select ftu from FlowTaskUser ftu inner join ftu flowTask ft where ftu userID and ft taskID,1
FlowTask hbm xml select count from FlowTaskUser tu join tu flowTask task join tu flowTask flowNodeBinding flowDeploy workflowMeta businessType bt where tu userID and task taskState in and bt typeID,1
FlowTask hbm xml select task from FlowTaskUser tu join tu flowTask task join tu flowTask flowNodeBinding flowDeploy workflowMeta businessType bt where tu userID and bt typeID and task taskState in order by task startTime desc,1
FlowTaskUser hbm xml name userID,1
FlowTask hbm xml select bt typeID count from FlowTaskUser tu join tu flowTask task join tu flowTask flowNodeBinding flowDeploy workflowMeta businessType bt where tu userID and task taskState group by bt,1
FlowTask hbm xml select count from FlowTaskUser tu join tu flowTask task join tu flowTask flowNodeBinding flowDeploy workflowMeta businessType bt where tu userID and task taskState in and bt typeID,1
FlowNodeBinding hbm xml select fup flowNodeBinding from FlowUserPerformer fup where fup userID,1
FlowUserPerformer hbm xml name userID,1
FlowTask hbm xml select bt typeID count from FlowTaskUser tu join tu flowTask task join tu flowTask flowNodeBinding flowDeploy workflowMeta businessType bt where tu userID and task taskState group by bt,1
FlowTask hbm xml select count from FlowTaskUser tu join tu flowTask task join tu flowTask flowNodeBinding flowDeploy workflowMeta businessType bt where tu userID and task taskState in and bt typeID,1
FlowTask hbm xml select task from FlowTaskUser tu join tu flowTask task join tu flowTask flowNodeBinding flowDeploy workflowMeta businessType bt where tu userID and bt typeID and task taskState in order by task startTime desc,1
FlowTask hbm xml select task from NewTask nt join nt flowTask task join task flowNodeBinding flowDeploy workflowMeta businessType bt where nt taskCandidateUserID and bt typeID and task taskState in order by task createTime desc,1
FlowTask hbm xml select task from FlowTaskUser tu join tu flowTask task join tu flowTask flowNodeBinding flowDeploy workflowMeta businessType bt where tu userID and bt typeID and task taskState in order by task overTime desc,1
FlowTask hbm xml select count from NewTask nt join nt flowTask task join task flowNodeBinding flowDeploy workflowMeta businessType bt where nt taskCandidateUserID and task taskState in and bt typeID,1
FlowDeploy hbm xml name workflowMeta,1
FlowTask hbm xml select bt typeID count from FlowTaskUser tu join tu flowTask task join tu flowTask flowNodeBinding flowDeploy workflowMeta businessType bt where tu userID and task taskState in group by bt,1
FlowTask hbm xml select count from FlowTaskUser tu join tu flowTask task join tu flowTask flowNodeBinding flowDeploy workflowMeta businessType bt where tu userID and task taskState in and bt typeID,1
FlowTask hbm xml select bt typeID count from NewTask nt join nt flowTask task join task flowNodeBinding flowDeploy workflowMeta businessType bt where nt taskCandidateUserID and task taskState in group by bt,1
FlowMetaFile hbm xml name workflowMeta,1
WorkflowDriver hbm xml from WorkflowDriver wd where wd contextPath and wd writeURL,1
WorkflowDriver hbm xml select distinct wd contextPath from WorkflowDriver wd,1
WorkflowDriver hbm xml from WorkflowDriver wd where wd contextPath,1
WorkflowDriver hbm xml name contextPath,1
validation xml field property contextPath depends required mask,1
WorkflowDriver hbm xml from WorkflowDriver wd where wd contextPath and wd readURL,1
showExecutingTask jsp src c out value flowDriver contextPath c out value flowDriver readURL c out value taskIDParamName c out value taskID,1
FlowTask hbm xml select task from FlowTaskUser tu join tu flowTask task join tu flowTask flowNodeBinding flowDeploy workflowMeta businessType bt where tu userID and bt typeID and task taskState in order by task overTime desc,1
FlowTask hbm xml select count from NewTask nt join nt flowTask task join task flowNodeBinding flowDeploy workflowMeta businessType bt where nt taskCandidateUserID and task taskState in and bt typeID,1
FlowTask hbm xml select count from FlowTaskUser tu join tu flowTask task join tu flowTask flowNodeBinding flowDeploy workflowMeta businessType bt where tu userID and task taskState in and bt typeID,1
FlowTask hbm xml select bt typeID count from NewTask nt join nt flowTask task join task flowNodeBinding flowDeploy workflowMeta businessType bt where nt taskCandidateUserID and task taskState in group by bt,1
FlowNodeBinding hbm xml name flowDeploy,1
FlowTask hbm xml select task from NewTask nt join nt flowTask task join task flowNodeBinding flowDeploy workflowMeta businessType bt where nt taskCandidateUserID and bt typeID and task taskState in order by task createTime desc,1
FlowTask hbm xml select task from FlowTaskUser tu join tu flowTask task join tu flowTask flowNodeBinding flowDeploy workflowMeta businessType bt where tu userID and bt typeID and task taskState in order by task startTime desc,1
FlowTask hbm xml select bt typeID count from FlowTaskUser tu join tu flowTask task join tu flowTask flowNodeBinding flowDeploy workflowMeta businessType bt where tu userID and task taskState in group by bt,1
FlowTask hbm xml select bt typeID count from FlowTaskUser tu join tu flowTask task join tu flowTask flowNodeBinding flowDeploy workflowMeta businessType bt where tu userID and task taskState group by bt,1
FlowTask hbm xml select count from FlowTaskUser tu join tu flowTask task join tu flowTask flowNodeBinding flowDeploy workflowMeta businessType bt where tu userID and task taskState in and bt typeID,1
FlowProc hbm xml select theFP from FlowProc theFP where theFP flowProcID in select fp flowProcID from FlowTask ft join ft flowProcTransaction flowProc fp where fp flowDeploy flowDeployID and ft taskState not in group by fp having count ft 0,1
FlowProc hbm xml name flowDeploy,1
FlowTaskAssigner hbm xml select fta from FlowTaskAssigner fta inner join fta flowTask ft where fta userID and ft taskID,1
FlowTask hbm xml name taskID,1
FlowTaskUser hbm xml select ftu from FlowTaskUser ftu inner join ftu flowTask ft where ftu userID and ft taskID,1
Role hbm xml name users,1
Role hbm xml select r users from Role as r where r roleID,1
User hbm xml select u from User as u where u id not in select g users id from Group g,1
Group hbm xml name users,1
WebModule hbm xml name users,1
workflow ca context xml property name userManager ref local userManager property,1
workflow ca context xml property name userManager ref local userManager property,1
role manage servlet xml property name userManager ref bean userManager property,1
user group servlet xml property name userManager,1
user group servlet xml property name userManager,1
privilege manage servlet xml property name userManager ref bean userManager property,1
workflow ca context xml property name userManager ref local userManager property,1
user group servlet xml property name userManager,1
workflow ca context xml property name userManager ref local userManager property,1
user group servlet xml property name userManager,1
user group servlet xml property name userManager,1
user group servlet xml property name userManager,1
FlowTaskAssigner hbm xml name flowTask,1
FlowTaskAssigner hbm xml select fta from FlowTaskAssigner fta inner join fta flowTask ft where fta userID and ft taskID,1
FlowTask hbm xml select count from FlowTaskAssigner fta join fta flowTask task where fta userID and task taskState in,1
FlowTask hbm xml select task from FlowTaskAssigner fta join fta flowTask task where fta userID and task taskState in,1
FlowTaskRole hbm xml name flowTask,1
FlowTask hbm xml select count from FlowTaskUser tu join tu flowTask task join tu flowTask flowNodeBinding flowDeploy workflowMeta businessType bt where tu userID and task taskState in and bt typeID,1
FlowTask hbm xml select bt typeID count from FlowTaskUser tu join tu flowTask task join tu flowTask flowNodeBinding flowDeploy workflowMeta businessType bt where tu userID and task taskState in group by bt,1
FlowTask hbm xml select task from FlowTaskUser tu join tu flowTask task join tu flowTask flowNodeBinding flowDeploy workflowMeta businessType bt where tu userID and bt typeID and task taskState in order by task startTime desc,1
FlowTask hbm xml select task from FlowTaskUser tu join tu flowTask task join tu flowTask flowNodeBinding flowDeploy workflowMeta businessType bt where tu userID and bt typeID and task taskState in order by task overTime desc,1
FlowTask hbm xml select task from FlowTaskUser tu join tu flowTask task where task taskState in and tu userID,1
FlowTaskUser hbm xml select ftu from FlowTaskUser ftu inner join ftu flowTask ft where ftu userID and ft taskID,1
FlowTask hbm xml select bt typeID count from FlowTaskUser tu join tu flowTask task join tu flowTask flowNodeBinding flowDeploy workflowMeta businessType bt where tu userID and task taskState group by bt,1
FlowTaskUser hbm xml name flowTask,1
FlowTask hbm xml select count from FlowTaskUser tu join tu flowTask task join tu flowTask flowNodeBinding flowDeploy workflowMeta businessType bt where tu userID and task taskState in and bt typeID,1
FlowTask hbm xml select count from NewTask nt join nt flowTask task join task flowNodeBinding flowDeploy workflowMeta businessType bt where nt taskCandidateUserID and task taskState in and bt typeID,1
FlowTask hbm xml select bt typeID count from NewTask nt join nt flowTask task join task flowNodeBinding flowDeploy workflowMeta businessType bt where nt taskCandidateUserID and task taskState in group by bt,1
NewTask hbm xml name flowTask,1
FlowTask hbm xml select task from NewTask nt join nt flowTask task join task flowNodeBinding flowDeploy workflowMeta businessType bt where nt taskCandidateUserID and bt typeID and task taskState in order by task createTime desc,1
FlowTaskRefuse hbm xml name flowTask,1
user group servlet xml property name pageSize,1
driverInputForm jsp spring bind path driverInput paramName,1
seeDriverDetail jsp td c out value theInputParam paramName c out value theInputParam paramAlias,1
driverInputForm jsp th fmt message key driver paramName th,1
WFDriverInputParam hbm xml name paramName,1
validation xml field property paramName depends required mask,1
driverOutputForm jsp spring bind path driverOutput paramName,1
WFDriverOutputParam hbm xml name paramName,1
driverOutputForm jsp th fmt message key driver paramName th,1
seeDriverDetail jsp td c out value theOutputParam paramName c out value theOutputParam paramAlias,1
validation xml field property paramName depends required mask,1
workflow service context xml property name caDelegater,1
user group servlet xml property name caDelegater,1
flow performer servlet xml property name caDelegater ref bean caDelegater property,1
work list servlet xml property name caDelegater ref bean caDelegater property,1
workflow engine context xml property name caDelegater ref bean caDelegater property,1
user group servlet xml property name caDelegater,1
driverInputForm jsp spring bind path driverInput paramAlias,1
WFDriverInputParam hbm xml name paramAlias,1
seeDriverDetail jsp td c out value theInputParam paramName c out value theInputParam paramAlias,1
validation xml field property paramAlias depends required,1
seeDriverDetail jsp td c out value theOutputParam paramName c out value theOutputParam paramAlias,1
WFDriverOutputParam hbm xml name paramAlias,1
driverOutputForm jsp spring bind path driverOutput paramAlias,1
validation xml field property paramAlias depends required,1
workflow engine context xml property name flowMetaManager ref bean flowMetaManager property,1
workflow engine context xml property name flowMetaManager ref bean flowMetaManager property,1
workflow engine context xml property name flowMetaManager ref bean flowMetaManager property,1
work list servlet xml property name flowMetaManager ref bean flowMetaManager property,1
flow meta servlet xml property name flowMetaManager ref bean flowMetaManager property,1
flow performer servlet xml property name flowMetaManager ref bean flowMetaManager property,1
flow deploy servlet xml property name flowMetaManager ref bean flowMetaManager property,1
business type servlet xml property name flowMetaManager ref bean flowMetaManager property,1
flow deploy servlet xml property name flowMetaManager ref bean flowMetaManager property,1
flow driver servlet xml property name workflowDriverManager ref bean workflowDriverManager property,1
flow driver servlet xml property name workflowDriverManager ref bean workflowDriverManager property,1
workflow service context xml property name workflowDriverManager,1
flow driver servlet xml property name workflowDriverManager ref bean workflowDriverManager property,1
flow driver servlet xml property name workflowDriverManager ref bean workflowDriverManager property,1
flow driver servlet xml property name workflowDriverManager ref bean workflowDriverManager property,1
role manage servlet xml property name groupManager ref bean groupManager property,1
role manage servlet xml property name groupManager ref bean groupManager property,1
workflow ca context xml property name groupManager ref local groupManager property,1
user group servlet xml property name groupManager,1
user group servlet xml property name groupManager,1
flow performer servlet xml property name flowDeployManager ref bean flowDeployManager property,1
work list servlet xml property name flowDeployManager ref bean flowDeployManager property,1
flow deploy servlet xml property name flowDeployManager ref bean flowDeployManager property,1
flow deploy servlet xml property name flowDeployManager ref bean flowDeployManager property,1
User hbm xml select ur from UserRight as ur where ur user id and ur resource id and ur privilege,1
UserRight hbm xml name privilege,1
GroupRight hbm xml name privilege,1
Group hbm xml select gr from GroupRight as gr where gr group groupID and gr resource id and gr privilege,1
RoleRight hbm xml name privilege,1
Role hbm xml select rr from RoleRight as rr where rr role roleID and rr resource id and rr privilege,1
resource manage servlet xml property name resourceManager ref bean resourceManager property,1
privilege manage servlet xml property name resourceManager ref bean resourceManager property,1
workflow ca context xml property name resourceManager ref local resourceManager property,1
resource manage servlet xml property name resourceManager ref bean resourceManager property,1
resource manage servlet xml property name resourceManager ref bean resourceManager property,1
workflow ca context xml property name resourceManager ref local resourceManager property,1
acegi context xml property name userCache ref userCache,1
acegi context xml property name userCache ref userCache,1
WFDriverOutputParam hbm xml name workflowDriver,1
WFDriverInputParam hbm xml name workflowDriver,1
FlowNodeBinding hbm xml select fnb from FlowNodeBinding fnb inner join fnb workflowDriver wfd where wfd flowDriverID,1
FlowNodeBinding hbm xml name workflowDriver,1
flow monitor servlet xml property name flowTaskManager ref bean flowTaskManager property,1
work list servlet xml property name flowTaskManager ref bean flowTaskManager property,1
Role hbm xml name rights,1
Role hbm xml select r from Role as r left join r rights as rr where rr resource id,1
User hbm xml select u from User as u left join u rights as ur where ur resource id,1
User hbm xml name rights,1
Group hbm xml select g from Group as g left join g rights as gr where gr resource id,1
Group hbm xml name rights,1
FlowTask hbm xml select task from FlowTask task join task flowNodeBinding node join task flowProcTransaction flowProc flowProc where node flowNodeID and flowProc flowProcID,1
FlowTask hbm xml name flowProcTransaction,1
FlowTask hbm xml select task from FlowTask task join task flowProcTransaction flowProc flowProc where flowProc flowProcID,1
FlowProc hbm xml select theFP from FlowProc theFP where theFP flowProcID in select fp flowProcID from FlowTask ft join ft flowProcTransaction flowProc fp where fp flowDeploy flowDeployID and ft taskState not in group by fp having count ft 0,1
FlowProcTransition hbm xml name flowProcTransaction,1
role manage servlet xml property name roleManager ref bean roleManager property,1
role manage servlet xml property name roleManager ref bean roleManager property,1
workflow ca context xml property name roleManager ref local roleManager property,1
privilege manage servlet xml property name roleManager ref bean roleManager property,1
flow monitor servlet xml property name flowProcManager ref bean flowProcManager property,1
workflow engine context xml property name flowProcManager ref local flowProcManager property,1
workflow engine context xml property name businessTypeManager ref bean businessTypeManager property,1
business type servlet xml property name businessTypeManager ref bean businessTypeManager property,1
business type servlet xml property name businessTypeManager ref bean businessTypeManager property,1
privilege manage servlet xml property name acegiCacheManager ref bean acegiCacheManager property,1
acegi context xml property name acegiCacheManager ref acegiCacheManager,1
workflow service context xml property name flowDeployDAO,1
FlowTask hbm xml select task from NewTask nt join nt flowTask task join task flowNodeBinding flowDeploy workflowMeta businessType bt where nt taskCandidateUserID and bt typeID and task taskState in order by task createTime desc,1
FlowTask hbm xml name createTime,1
FlowDeploy hbm xml name createTime,1
WorkflowMeta hbm xml name flowProcessID,1
seeFlowMeta jsp fmt message key flowMeta process id c out value workflowMeta flowProcessID,1
WorkflowMeta hbm xml from WorkflowMeta wm WHERE wm flowProcessID,1
FlowMetaFileStore hbm xml name flowFileID,1
FlowMetaFile hbm xml name flowFileID,1
FlowMetaFile hbm xml from FlowMetaFile fmf order by fmf flowFileID asc,1
FlowTask hbm xml name startTime,1
FlowTask hbm xml select task from FlowTaskUser tu join tu flowTask task join tu flowTask flowNodeBinding flowDeploy workflowMeta businessType bt where tu userID and bt typeID and task taskState in order by task startTime desc,1
FlowProc hbm xml name startTime,1
GroupRight hbm xml name inheritable,1
UserRight hbm xml name inheritable,1
RoleRight hbm xml name inheritable,1
workflow engine context xml property name deployManager ref bean flowDeployManager property,1
workflow engine context xml property name deployManager ref bean flowDeployManager property,1
workflow engine context xml property name deployManager ref bean flowDeployManager property,1
RoleRight hbm xml name rightID,1
UserRight hbm xml name rightID,1
GroupRight hbm xml name rightID,1
FlowNodeOutputParamBinding hbm xml name paramBindingID,1
FlowNodeInputParamBinding hbm xml name paramBindingID,1
user group servlet xml property name authenticate,1
workflow ca context xml property name authenticate ref local authenticateManager property,1
WFDriverOutputParamEnume hbm xml name wfDriverOutputParam,1
FlowNodeOutputParamBinding hbm xml name wfDriverOutputParam,1
FlowNodeOutputParamBinding hbm xml name flowNodeParamID,1
FlowNodeInputParamBinding hbm xml name flowNodeParamID,1
workflow ca context xml property name groupDAO ref local groupDAO property,1
workflow ca context xml property name userDAO ref local userDAO property,1
workflow ca context xml property name authenticateDAO ref local authenticateDAO property,1
workflow ca context xml property name roleDAO ref local roleDAO property,1
privilege manage servlet xml property name authenticationUtil ref bean authenticationUtil property,1
workflow ca context xml property name resourceDAO ref local resourceDAO property,1
FlowProcTransaction hbm xml name flowProc,1
FlowProcRelativeData hbm xml name flowProc,1
FlowNodeOutputParamEnumeBinding hbm xml name flowNodeOutputParamBinding,1
FlowProcRelativeData hbm xml name flowNodeOutputParamBinding,1
workflow engine context xml property name flowProcDAO ref local flowProcDAO property,1
workflow engine context xml property name flowTaskDAO ref local flowTaskDAO property,1
workflow engine context xml property name taskManager ref local flowTaskManager property,1
workflow engine context xml property name procManager ref local flowProcManager property,1
user group servlet xml bean id userFormValidator,0
build xml exclude name log,0
workflow quartz context xml bean id sendTaskTrigger,0
workspace xml window info anchor bottom id Database Changes,0
log4j xml appender name CONSOLE class org apache log4j ConsoleAppender,0
user group servlet xml prop key user group add group members ca,0
seeDriverDetail jsp onclick window open request getContextPath wf edit param enume fd driverOutputParamID c out value theOutputParam driverOutputParamID width 250 height 200,0
log4j xml param name File value powerstone workflow log,0
build xml path id classpath,0
listRoles jsp iframe id treeIFrame height 100 width 100 border 0 frameborder 0,0
listGroups jsp url request getContextPath user group remove group ca groupID groupSelected,0
addRoleMembers jsp frame src request getContextPath role manage groups tree to add role role roleID request getAttribute roleID name tree left scrolling yes noresize,0
user group servlet xml bean id myInfoFormController,0
workspace xml window info anchor bottom id Find order 1,0
workspace xml window info anchor right id Palette 9,0
user group servlet xml prop key user group list group members ca,0
groupForm jsp memo label th,0
resource manage servlet xml bean id resourceManageController class org powerstone ca web ResourceManageController,0
struts logic tld name id name,0
userForm jsp c if test empty id,0
acegi context xml bean id securityContextHolderAwareRequestFilter,0
acegi context xml bean id runAsManager,0
flow driver servlet xml bean id flowDriverControllerResolver class org springframework web servlet mvc multiaction PropertiesMethodNameResolver,0
flow driver servlet xml bean id driverInputFormController class org powerstone workflow web DriverInputFormController,0
listAllBusinessTypes jsp onClick expandIt other return false id divID nbsp,0
workflow engine context xml bean id flowProcManager parent baseTransactionProxy,0
log4j xml log4j configuration xmlns log4j http jakarta apache org log4j,0
newFlowDeploy jsp iframe name target1 id target1 width 0 height 0 frameborder 0,0
FlowProcTransition hbm xml id,0
log4j xml appender ref ref log file,0
successSubmit jsp parent leftFrame location replace request getContextPath user group list groups ca,0
workflow service context xml bean id businessTypeManager parent baseTransactionProxy,0
workspace xml window info id Structure order 1 side tool true weight 0 25,0
user group servlet xml bean id messageSource,0
groupForm jsp title fmt message key ca new group title,0
listRoles jsp url request getContextPath role manage remove role role roleID roleSelected,0
main jsp function listDrivers contextPath,0
listUserOrganize jsp id 0 tiptop 1 fengyaohui style display block,0
log4j xml appender ref ref log stdout,0
role manage servlet xml bean id beanValidator class org springmodules commons validator DefaultBeanValidator,0
workflow engine context xml bean id workflowJTATM,0
build xml javac destdir test dir classes target jdk version debug true deprecation false optimize false failonerror true,0
log4j xml appender name log file class org apache log4j RollingFileAppender,0
workspace xml task active true id Default summary Default task,0
user group servlet xml prop key user group success submit ca,0
listAllBusinessTypes jsp if divColl i id indexOf el 0 divColl i id el,0
user group servlet xml ref bean groupManager,0
listAllBusinessTypes jsp if whichEl style display none divColl i id indexOf el 0,0
searchToDistribute jsp xml id personData src request getContextPath generate person dict wl,0
RoleRight hbm xml id,0
work list servlet xml MultiActionController that defines user interface actions as separate methods,0
top jsp DIV id divLogoRightBar,0
flow performer servlet xml bean id viewResolver class org springframework web servlet view InternalResourceViewResolver,0
searchToDistribute jsp var userID document all person,0
c tld url value,0
user group servlet xml bean id groupFormController,0
UserToken hbm xml id,0
role manage servlet xml bean id roleManageControllerResolver class org springframework web servlet mvc multiaction PropertiesMethodNameResolver,0
resource manage servlet xml prop key resource manage edit web module resource webModuleFormController prop,0
listGroups jsp url request getContextPath user group edit group ca groupID groupSelected,0
showRolePrivileges jsp if inputItems i id webID,0
seeFlowNodeBinding jsp request getContextPath wf home to deploy fd,0
acegi context xml bean id basicProcessingFilter class org acegisecurity ui basicauth BasicProcessingFilter,0
error jsp Please check your log files for further information,0
workspace xml window info anchor right content ui combo id Hierarchy order 2 weight 0 25,0
UserRight hbm xml id,0
role manage servlet xml MultiActionController that defines user interface actions as separate methods,0
struts logic tld name user name,0
workspace xml window info anchor bottom id Terminal,0
searchToDistribute jsp input id person indexName USERID captionPropty USERNAME,0
flow driver servlet xml bean id viewResolver class org springframework web servlet view InternalResourceViewResolver,0
groupsTreeToAddRole jsp if divHref i id hrefID,0
workflow service context xml bean id workflowDriverManager parent baseTransactionProxy,0
listTaskKinds jsp fmt message key task tasks to assign font color FF0000 id TasksToAssign c out value myTasksToAssignNum font,0
log4j xml DOCTYPE log4j configuration SYSTEM log4j dtd,0
listGroupMembers jsp td class tdTitle fmt message key ca user manage gt gt fmt message key ca group members groupName td,0
workflow service context xml bean id flowMetaManager parent baseTransactionProxy,0
workspace xml pane id ProjectPane,0
flow driver servlet xml bean id messageSource class org springframework context support ResourceBundleMessageSource,0
workspace xml pane id Scope,0
workflow engine context xml bean id flowTaskManager parent baseTransactionProxy,0
FlowDeploy hbm xml id,0
Role hbm xml id,0
userOrganize jsp frame src request getContextPath wf list members to add performer pfm name Sys Content id bottomFrame,0
seeFlowNodeBinding jsp flowNodeBinding findNodeOutputParamBindingByNodeParamID dataField getFieldID,0
business type servlet xml bean id beanValidator class org springmodules commons validator DefaultBeanValidator,0
user group servlet xml bean id viewResolver,0
business type servlet xml bean id urlMapping class org springframework web servlet handler SimpleUrlHandlerMapping,0
listFlowNodes jsp iframe id performerIframe name performerIframe,0
searchToAssign jsp var userID document all person,0
listWebModules jsp iframe id treeIFrame height 100 width 100 border 0 frameborder 0,0
mainToDeploy jsp td id c out value contextPath,0
acegi context xml bean id loggerListener,0
listRolesTree jsp font style font weight bold id currRole getRoleID,0
acegi context xml bean id logoutFilter,0
workflow quartz context xml bean id sendTaskJobDetail,0
flowDeployForm jsp spring bind path flowDeploy flowDeployID,0
flow driver servlet xml prop key wf remove driver outputparam fd flowDriverController prop,0
seeFlowNodeBinding jsp FlowDeploy request getAttribute flowDeploy,0
validation xml arg0 key ca group name resource true,0
hasNoRight jsp c redirect url login jsp c redirect,0
workflow ca context xml bean id resourceDAO class org powerstone ca dao hibernate ResourceDAOImpl,0
ps hibernate context xml bean id ps dataSource class com p6spy engine spy P6DataSource,0
listDrivers jsp driverID obj id,0
flow monitor servlet xml bean id flowMonitorController class org powerstone workflow web FlowMonitorController,0
configNodePerformer jsp option value c out value currUser id,0
listMembersToAddPerformer jsp form action request getContextPath wf add user performer pfm nodeBindingID c out value nodeBindingID,0
listGroupMembers jsp input name cancle type button class button default value fmt message key task first page onclick window open request getContextPath user group list group members ca groupID groupID first 1 currPageNo 1 tgrget self nbsp nbsp,0
listWebModulesTree jsp curChannelID divHref i id,0
workspace xml pane id PackagesPane,0
web xml url pattern resource url pattern,0
acegi context xml bean id authenticationManager,0
404 jsp div id quickSummary,0
listExecutingTasks jsp i pageSize intValue i,0
workspace xml window info anchor bottom id Message order 0,0
listDrivers jsp window open url resizable yes width 500 height 340 scrollbars yes,0
flow driver servlet xml prop key org springframework dao DataAccessException,0
role manage servlet xml bean id urlMapping class org springframework web servlet handler SimpleUrlHandlerMapping,0
FlowTaskAssigner hbm xml id,0
flow driver servlet xml bean id driverOutputEnumeFormController class org powerstone workflow web DriverOutputEnumeFormController,0
listTasksToAssign jsp logic iterate id currTask name tasksToAssign indexId ide,0
myInfoForm jsp spring bind path user userName,0
flow meta servlet xml bean id flowMetaControllerResolver class org springframework web servlet mvc multiaction PropertiesMethodNameResolver,0
listAllBusinessTypes jsp font id other c out value idee count,0
BusinessType hbm xml id,0
seeFlowNodeBinding jsp FlowNodeBinding flowNodeBinding,0
workflow service context xml bean id oracleLobHandler,0
workspace xml window info anchor bottom id TODO order 6,0
listWebModulesTree jsp font style font weight bold id currWebModule getWebModuleID,0
listGroups jsp url request getContextPath user group edit group ca parentGroupID groupSelected,0
listRoles jsp logic iterate id currRole name allRoles type org powerstone ca model Role,0
seeFlowNodeBinding jsp flowNodeBinding findDriverInputParamByNodeParamID dataField getFieldID,0
flow deploy servlet xml bean id flowDeployControllerResolver class org springframework web servlet mvc multiaction PropertiesMethodNameResolver,0
privilege manage servlet xml bean id handlerMapping class org springframework web servlet handler SimpleUrlHandlerMapping,0
driverForm jsp v javascript formName workflowDriver staticJavascript false xhtml true cdata false,0
flow performer servlet xml bean id flowPerformerController class org powerstone workflow web FlowPerformerController,0
listRoles jsp font style font weight bold id currRole getRoleID,0
flow performer servlet xml prop key wf add user performer pfm addUserPerformer prop,0
main jsp input type button class button default value fmt message key bt newModule onClick newModule,0
404 jsp div id underground div,0
flowDetail jsp td id ft getTaskID align center ft getFlowNodeBinding getWorkflowDriver getFlowDriverName td,0
workflow ca context xml bean id roleManager parent baseTransactionProxy,0
main jsp src request getContextPath wf list drivers fd,0
role manage servlet xml bean id roleManageController class org powerstone ca web RoleManageController,0
ehcache xml user home User s home directory,0
FlowTaskRefuse hbm xml id,0
ps hibernate context xml value hibernate connection url value,0
resource manage servlet xml bean id viewResolver class org springframework web servlet view InternalResourceViewResolver,0
fmt rt tld Loads a resource bundle and stores it in the named scoped variable or,0
FlowNodeOutputParamEnumeBinding hbm xml id,0
listExecutingTasks jsp Integer pageSize Integer request getAttribute pageSize,0
web xml param value caDelegater param value,0
workspace xml window info anchor bottom id Inspection order 5 weight 0 4,0
top jsp LI id emptyLI a class divNavBarANotSelected nbsp a LI,0
user group servlet xml bean id beanValidator,0
listRolesTree jsp curChannelID divHref i id,0
main jsp td id c out value contextPath,0
user group servlet xml bean id userGroupController,0
acegi context xml filterInvocationInterceptor url objectDefinitionSource,0
workflow quartz context xml bean id scheduler,0
log4j xml layout class org apache log4j PatternLayout,0
top jsp TD id logoImg align center nbsp TD,0
configNodePerformer jsp select name user items style width 200px size 3 multiple multiple,0
flow monitor servlet xml bean id handlerMapping class org springframework web servlet handler SimpleUrlHandlerMapping,0
flow driver servlet xml bean id driverFormController class org powerstone workflow web DriverFormController,0
404 jsp div id content,0
build xml deploy url tomcat manager url username tomcat manager username password tomcat manager password path webapp name war file dist dir webapp name war,0
workspace xml window info anchor right id Database,0
flow meta servlet xml bean id handlerMapping class org springframework web servlet handler SimpleUrlHandlerMapping,0
404 jsp div id logo onclick location href c url value,0
seeFlowNodeBinding jsp if flowNodeBinding null flowNodeBinding getWorkflowDriver null,0
flowMonitor jsp style cursor hand id currProc getFlowProcID,0
flow deploy servlet xml bean id flowDeployController class org powerstone workflow web FlowDeployController,0
business type servlet xml prop key org springframework dao DataAccessException,0
ps hibernate context xml bean id ps transactionManager,0
acegi context xml class org acegisecurity providers dao cache EhCacheBasedUserCache,0
flow meta servlet xml bean id viewResolver class org springframework web servlet view InternalResourceViewResolver,0
flow performer servlet xml bean id flowPerformerControllerResolver,0
FlowRolePerformer hbm xml id,0
groupForm jsp td class tdTitle fmt message key ca user manage gt gt fmt message key ca new group td,0
user group servlet xml bean id userGroupControllerResolver,0
Group hbm xml id,0
seeFlowMeta jsp fmt message key flowMeta process name c out value workflowMeta flowFileInUse flowMetaName,0
workflow quartz context xml entry key caDelegater,0
listGroupMembers jsp request getContextPath user group remove group members ca pageTo currPageNo groupID groupID,0
login jsp TABLE id tableLogo,0
privilege manage servlet xml bean id privilegeManageController class org powerstone ca web PrivilegeManageController,0
groupsTreeToAddRole jsp if divImg i id indexOf el 0 divImg i src imgOpen src divImg i src imgClose src,0
Resource hbm xml id,0
listGroupMembers jsp nbsp input type button class button default value fmt message key ca remove user onclick remove,0
resource manage servlet xml bean id beanValidator class org springmodules commons validator DefaultBeanValidator,0
listWebModules jsp src request getContextPath resource manage list web modules tree resource,0
WorkflowMeta hbm xml id,0
workflow ca context xml bean id userDAO class org powerstone ca dao hibernate UserDAOImpl,0
flow meta servlet xml bean id multipartResolver,0
listWebModulesTree jsp logic iterate id currWebModule name allModules type org powerstone ca model WebModule,0
FlowNodeInputParamBinding hbm xml id,0
userForm jsp onclick window location replace request getContextPath priv manage show user privileges priv userID c out value id groupID c out value groupID pageTo c out value pageTo,0
user group servlet xml ref bean caDelegater,0
configNodePerformer jsp request getContextPath wf remove user performer pfm,0
showUserPrivileges jsp if inputItems i id webID,0
searchToAssign jsp xml id personData src request getContextPath generate person dict wl,0
404 jsp src c url value images 404 jpg,0
listGroupsTree jsp logic iterate id node name groupTree indexId index,0
workspace xml window info anchor bottom id Docker show stripe button false,0
workflow ca context xml bean id authenticateManager parent baseTransactionProxy,0
workspace xml window info anchor right id Ant Build order 1 weight 0 25,0
build xml Unit tests failed For error messages check the log files in,0
workflow service context xml bean id flowDeployManager parent baseTransactionProxy,0
privilege manage servlet xml bean id privilegeManageControllerResolver class org springframework web servlet mvc multiaction PropertiesMethodNameResolver,0
main jsp iframe id topIframe name topIframe,0
acegi context xml bean id userDetailsService,0
workflow engine context xml bean id flowProcDAO class org powerstone workflow dao hibernate FlowProcDAOImpl,0
build xml patternset id srcfiles,0
listRoleMembers jsp logic iterate id currUser name aPageMembers indexId ide type org powerstone ca model User,0
listGroupMembers jsp url request getContextPath user group edit user ca groupID groupID pageTo currPageNo,0
listUsersNoGroup jsp option value init selected selected fmt message key ca option group option,0
listMembersToAddPerformer jsp value c out value currMember id name userToAdd,0
user group servlet xml bean id myPassFormController,0
workflow ca context xml bean id authenticateDAO class org powerstone ca dao hibernate AuthenticateDAOImpl,0
flow monitor servlet xml bean id flowMonitorControllerResolver class org springframework web servlet mvc multiaction PropertiesMethodNameResolver,0
business type servlet xml bean id exceptionResolver,0
resource manage servlet xml prop key resource manage remove resource resource resourceManageController prop,0
log4j xml log4j configuration,0
main jsp c redirect url login jsp c redirect,0
acegi context xml value select vc user name vc password vc state from ca user value,0
listUserOrganize jsp if divImg i id indexOf el 0 divImg i src imgOpen src divImg i src imgClose src,0
acegi context xml bean id filterChainProxy,0
resource manage servlet xml prop key org springframework dao DataAccessException,0
userForm jsp spring bind path user password,0
User hbm xml id,0
seeDriverDetail jsp action request getContextPath wf remove driver paramenume fd driverID c out value theDriver flowDriverID,0
acegi context xml bean id acegiCacheManager,0
workspace xml window info anchor right id Maven,0
acegi context xml where u pk id ur fk user id and r pk id ur fk role id and u vc user name,0
login jsp TD id logoImg align center nbsp TD,0
user group servlet xml prop key user group list users to add member ca,0
flow driver servlet xml prop key wf list drivers fd flowDriverController prop,0
listRoles jsp td id iframeHightID valign top height 400,0
user group servlet xml prop key user group group tree to add member ca,0
top jsp DIV id divPage,0
workspace xml entry file file PROJECT DIR web WEB INF views user group myInfoForm jsp,0
FlowMetaFile hbm xml id,0
acegi context xml bean id authenticationUtil,0
FlowUserPerformer hbm xml id,0
acegi context xml CONVERT URL TO LOWERCASE BEFORE COMPARISON url,0
ps validation context xml bean id validatorFactory class org springmodules commons validator DefaultValidatorFactory,0
listGroupsTree jsp div id divID onclick changeColor,0
flow monitor servlet xml bean id viewResolver class org springframework web servlet view InternalResourceViewResolver,0
flow driver servlet xml bean id urlMapping class org springframework web servlet handler SimpleUrlHandlerMapping,0
workspace xml window info anchor bottom id Log Analyzer,0
acegi context xml bean name userCache,0
acegi context xml bean id resourceCache,0
workflow engine context xml bean id workflowHibernateTM class org springframework orm hibernate HibernateTransactionManager,0
Group hbm xml select user from User as user left join user groups as groups where groups groupID,0
WFDriverInputParam hbm xml id,0
listGroupsTree jsp curChannelID divHref i id,0
listTasksToRefuse jsp logic iterate id currTask name tasksToRefuse indexId ide,0
404 jsp div id lresources,0
workflow service context xml ref local workflowDriverManager,0
listUserOrganize jsp curChannelID divHref i id,0
main jsp td height 100 iframe id bottomIframe name bottomIframe,0
user group servlet xml prop key user group list users to add member ca userGroupController prop,0
groupsTreeToAddRole jsp curChannelID divHref i id,0
listGroupsTree jsp if whichEl style display none divColl i id indexOf el 0 divColl i id length el length 4,0
flow meta servlet xml bean id flowMetaController class org powerstone workflow web FlowMetaController,0
listGroupMembers jsp td width 25 align left fmt message key ca user name td,0
listTaskKinds jsp fmt message key task refused tasks font color FF0000 id RefusedTasks c out value myRefusedTasksNum font,0
user group servlet xml prop key user group edit user ca,0
validator rules xml var user matchArray 1,0
seeFlowNodeBinding jsp FlowNodeBinding request getAttribute flowNodeBinding,0
listTaskKinds jsp c out value businessType1 typeName font color FF0000 id new c out value businessType1 typeID,0
GroupRight hbm xml id,0
myPassForm jsp c if test not empty id,0
successSubmit jsp parent leftFrame location replace request getContextPath wf main bt,0
newFlowDeploy jsp td align right fmt message key deploy memo td,0
resource manage servlet xml bean id urlMapping class org springframework web servlet handler SimpleUrlHandlerMapping,0
seeFlowNodeBinding jsp WorkflowDriver wfDriver flowNodeBinding getWorkflowDriver,0
flow driver servlet xml prop key wf home fd flowDriverController prop,0
workflow service context xml bean id businessTypeDAO,0
acegi context xml bean id authenticationService,0
listUserOrganize jsp if divHref i id hrefID,0
listGroups jsp td id iframeHightID valign top height 400,0
role manage servlet xml bean id viewResolver class org springframework web servlet view InternalResourceViewResolver,0
404 jsp div id linkList2,0
listNewTasks jsp logic iterate id currTask name aPageNewTasks indexId ide,0
acegi context xml bean id daoAuthenticationProvider,0
user group servlet xml bean id exceptionResolver,0
listRoleMembers jsp request getContextPath role manage remove role members role pageTo currPageNo roleID roleID,0
listWebModulesTree jsp if divHref i id hrefID,0
configNodePerformer jsp onClick window open request getContextPath wf user organize pfm nodeBindingID c out value nodeBinding nodeBindingID nbsp,0
workflow service context xml ref bean caDelegater,0
business type servlet xml bean id businessTypeControllerResolver class org springframework web servlet mvc multiaction PropertiesMethodNameResolver,0
listWebModules jsp td id iframeHightID valign top height 400,0
flow driver servlet xml bean id flowDriverController class org powerstone workflow web WorkflowDriverController,0
flow deploy servlet xml bean id viewResolver class org springframework web servlet view InternalResourceViewResolver,0
flow driver servlet xml MultiActionController that defines user interface actions as separate methods,0
listTaskKinds jsp if divHref i id hrefID,0
workflow service context xml bean id defaultLobHandler,0
listNewTasks jsp TD width 70 align left fmt message key task memo TD,0
listWebModuleResources jsp a href request getContextPath resource manage edit resource resource webModuleID webModuleID rsID currResource getId,0
seeFlowNodeBinding jsp value flowDeploy getFlowDeployID,0
ps hibernate context xml bean id baseTransactionProxy abstract true,0
workflow quartz context xml ref bean flowTaskManager,0
ps hibernate context xml bean id ps transactionManager class org springframework transaction jta JtaTransactionManager,0
listGroups jsp url request getContextPath user group edit group ca,0
404 jsp div id footer,0
mainToDeploy jsp c out value contextPath,0
mainToDeploy jsp src request getContextPath wf list drivers to deploy fd currentdriverID currentdriverID flowDeployID flowDeployID flowNodeID flowNodeID,0
listDrivers jsp logic iterate id theDriver name allDrivers indexId ide,0
ps hibernate context xml bean id propertyConfigure,0
top jsp DIV id divNavBar,0
BusinessType hbm xml from BusinessType bt order by bt typeID asc,0
seeFlowMeta jsp onclick window location replace request getContextPath wf preview image form fm flowMetaID c out value workflowMeta flowMetaID,0
showRolePrivileges jsp request getContextPath priv manage update role privileges priv roleID request getAttribute roleID,0
role manage servlet xml prop key role manage add users to role role roleManageController prop,0
userForm jsp input type button class button default value fmt message key ca change user priv,0
workflow ca context xml bean id groupManager parent baseTransactionProxy,0
FlowTaskUser hbm xml id,0
acegi context xml bean id httpSessionContextIntegrationFilter,0
WebModule hbm xml id,0
listFlowNodes jsp iframe id displayIframe name displayIframe,0
listFinishedTasks jsp logic iterate id currTask name aPageFinishedTasks indexId ide,0
acegi context xml r ca role right rc where c pk id rc fk resource id and r pk id,0
mainToDeploy jsp c forEach items allContextPath var contextPath,0
listRoles jsp if divHref i id cons,0
privilege manage servlet xml bean id viewResolver class org springframework web servlet view InternalResourceViewResolver,0
configNodePerformer jsp alert fmt message key performer pls select user to delete,0
workspace xml window info id Favorites side tool true,0
seeFlowMeta jsp id theDeploy getFlowDeployID,0
acegi context xml bean id anonymousProcessingFilter,0
web xml servlet name privilege manage servlet name,0
main jsp td id iframeHightID valign top height 400,0
listWebModuleResources jsp request getContextPath resource manage remove resource resource webModuleID webModuleID,0
workflow engine context xml bean id flowTaskDAO class org powerstone workflow dao hibernate FlowTaskDAOImpl,0
fmt tld Loads a resource bundle to be used by its tag body,0
flow deploy servlet xml bean id flowDeployFormController,0
user group servlet xml prop key user group list groups tree ca,0
FlowProcTransaction hbm xml id,0
listMyRefusedTasks jsp logic iterate id currTask name myRefusedTasks indexId ide,0
validation xml arg0 key ca resource action url resource true,0
user group servlet xml bean id passFormController,0
workspace xml window info anchor bottom id Version Control,0
WorkflowDriver hbm xml id,0
workspace xml window info anchor bottom id Debug order 3 weight 0 4,0
workflow service context xml bean id flowMetaFileStoreDAO,0
login jsp DIV id divPage,0
business type servlet xml bean id businessTypeController class org powerstone workflow web BusinessTypeController,0
WFDriverOutputParamEnume hbm xml id,0
listMembersToAddPerformer jsp font class ldh 12 20 b fmt message key performer group users b font,0
mainToDeploy jsp iframe id topIframe name topIframe,0
struts bean tld name id name,0
flowDeployForm jsp th label for memo,0
userForm jsp spring bind path user,0
groupMembersToAddRole jsp logic iterate id currUser name groupMembers indexId ide type org powerstone ca model User,0
web xml url pattern priv url pattern,0
listAllBusinessTypes jsp div class tdTreeNode valign top id c out value ide count style display block cursor hand,0
acegi context xml url voter,0
searchToDistribute jsp type text class personClass vName userID value,0
business type servlet xml property name successView value redirect wf success submit bt,0
index jsp c redirect url main jsp c redirect,0
login jsp DIV id divMiddle,0
log4j xml logger name org springframework,0
userForm jsp c if test not empty id,0
listAllBusinessTypes jsp font style font weight bold id divID The others font,0
validation xml form name user,0
seeFlowMeta jsp td width 40 fmt message key deploy memo td,0
work list servlet xml bean id workListControllerResolver,0
user group servlet xml prop key user group list groups ca listGroups prop,0
privilege manage servlet xml prop key org springframework dao DataAccessException,0
workflow ca context xml bean id resourceManager parent baseTransactionProxy,0
web xml url pattern dpl url pattern,0
searchToAssign jsp userID xmlSource personData xml,0
myInfoForm jsp spring bind path user email,0
flow driver servlet xml bean id driverOutputFormController class org powerstone workflow web DriverOutputFormController,0
seeFlowNodeBinding jsp flowNodeBinding findNodeOutputParamBindingByNodeParamID dataField getFieldID null,0
userOrganize jsp frame src request getContextPath wf list user organize pfm nodeBindingID c out value nodeBindingID,0
listTaskKinds jsp curChannelID divHref i id,0
listUserOrganize jsp if divColl i id indexOf el 0 divColl i id el,0
resource manage servlet xml property name successView value redirect resource manage success submit resource,0
role manage servlet xml prop key role manage group members to add role role roleManageController prop,0
webModuleForm jsp action request getContextPath resource manage edit web module resource,0
web xml url pattern fd url pattern,0
main jsp src request getContextPath user group list groups ca,0
flow driver servlet xml prop key wf list drivers to deploy fd flowDriverController prop,0
resource manage servlet xml MultiActionController that defines user interface actions as separate methods,0
configNodePerformer jsp if workflowMeta null,0
workspace xml window info anchor bottom id Run order 2,0
successSubmit jsp parent leftFrame location replace request getContextPath resource manage list web modules resource,0
listWebModuleResources jsp logic iterate id currResource name resources indexId ide,0
workflow quartz context xml bean id mailSender,0
resource manage servlet xml bean id messageSource class org springframework context support ResourceBundleMessageSource,0
listUserOrganize jsp td class LayoutZoneCenter id tdZoneCenter valign top,0
workflow ca context xml bean id caDelegater parent baseTransactionProxy,0
listFinishedTasks jsp TD width 55 align left fmt message key task memo TD,0
seeFlowNodeBinding jsp value flowNodeBinding null,0
acegi context xml rc fk role id and c VC ACTION URL,0
listGroupMembers jsp input name cancle type button class button default value fmt message key task last page onclick window open request getContextPath user group list group members ca groupID groupID last 1 currPageNo currPageNo intValue tgrget self nbsp,0
listFlowNodes jsp td id tdID style font size 12 5px cursor hand,0
flow driver servlet xml bean id exceptionResolver,0
ps hibernate context xml bean id ps sessionFactory,0
main jsp request getContextPath wf list drivers fd contextPath contextPath,0
flowMonitor jsp logic iterate id currProc name activeFlowProcs indexId index,0
acegi context xml bean id basicProcessingFilterEntryPoint class org acegisecurity ui basicauth BasicProcessingFilterEntryPoint,0
resource manage servlet xml bean id resourceManageControllerResolver class org springframework web servlet mvc multiaction PropertiesMethodNameResolver,0
workspace xml window info anchor right id Commander internal type SLIDING order 0 type SLIDING weight 0 4,0
resource manage servlet xml prop key resource manage list web modules tree resource listWebModulesTree prop,0
top jsp DIV id divAll,0
listNewTasks jsp Integer pageSize Integer request getAttribute pageSize,0
listNewTasks jsp function chechOutAndExecuteTask taskID activityID,0
work list servlet xml bean id messageSource class org springframework context support ResourceBundleMessageSource,0
passForm jsp form method post action request getContextPath user group change pass ca,0
workflow service context xml bean id flowDeployDAO,0
workflow service context xml bean id flowMetaFileDAO,0
groupsTreeToAddRole jsp div id divID onclick changeColor,0
FlowNodeBinding hbm xml id,0
acegi context xml value select VC ACTION URL URL from ca resource value,0
groupMembersToAddRole jsp String roleID String request getAttribute roleID,0
privilege manage servlet xml bean id messageSource class org springframework context support ResourceBundleMessageSource,0
flow deploy servlet xml bean id messageSource class org springframework context support ResourceBundleMessageSource,0
WFDriverOutputParam hbm xml id,0
flow performer servlet xml bean id handlerMapping class org springframework web servlet handler SimpleUrlHandlerMapping,0
listNewTasks jsp td input type checkbox name taskID value currTask getTaskID td,0
listGroupsTree jsp if divImg i id indexOf el 0 divImg i src imgOpen src divImg i src imgClose src,0
404 jsp div id pageHeader,0
seeFlowNodeBinding jsp flowNodeBinding findDriverOutputParamByNodeParamID dataField getFieldID,0
listGroupMembers jsp a href request getContextPath user group edit user ca id currUser getId groupID groupID pageTo currPageNo,0
FlowNodeOutputParamBinding hbm xml id,0
acegi context xml bean id roleVoter class org acegisecurity vote RoleVoter,0
user group servlet xml key org springframework dao DataAccessException,0
searchToAssign jsp type text class personClass vName userID value,0
validation xml form name flowDeploy,0
work list servlet xml bean id viewResolver class org springframework web servlet view InternalResourceViewResolver,0
messages jsp html messages id error,0
listUsersNoGroup jsp url request getContextPath user group add users to group ca,0
acegi context xml bean id exceptionTranslationFilter,0
role manage servlet xml bean id roleFormController class org powerstone ca web RoleFormController,0
flow driver servlet xml prop key wf home fd homePage prop,0
listAllBusinessTypes jsp curChannelID divHref i id,0
configNodePerformer jsp td width 50 fmt message key performer users td,0
flowDeployForm jsp v javascript formName flowDeploy staticJavascript false xhtml true cdata false,0
listTasksToAssign jsp url request getContextPath search to assign wl taskID taskID,0
groupsTreeToAddRole jsp if whichEl style display none divColl i id indexOf el 0 divColl i id length el length 4,0
acegi context xml bean id filterInvocationInterceptor,0
listAllBusinessTypes jsp if divHref i id divID,0
workflow engine context xml bean id workflowEngine parent baseTransactionProxy,0
validation xml arg0 key ca resource resource id resource true,0
acegi context xml bean id passwordEncoder,0
userForm jsp form method post action request getContextPath user group edit user ca,0
listUsersNoGroup jsp select id groupTree class button default name groupID onchange move,0
user group servlet xml prop key user group login ca,0
listUsersNoGroup jsp td width 10 align left fmt message key ca memo td,0
listUsersNoGroup jsp td width 25 align left fmt message key ca user name td,0
web xml url pattern fm url pattern,0
flowMonitor jsp url request getContextPath wf flow detail moni flowProcID,0
groupForm jsp form method post action request getContextPath user group edit group ca,0
addRoleMembers jsp frame src request getContextPath role manage group members to add role role roleID request getAttribute roleID name tree right scrolling yes,0
FlowProcRelativeData hbm xml id,0
business type servlet xml bean id viewResolver class org springframework web servlet view InternalResourceViewResolver,0
flow meta servlet xml MultiActionController that defines user interface actions as separate methods,0
passForm jsp v javascript formName user staticJavascript false xhtml true cdata false,0
listFinishedTasks jsp Integer pageSize Integer request getAttribute pageSize,0
business type servlet xml prop key wf remove bt bt businessTypeController prop,0
workspace xml window info anchor bottom id SOQL Query,0
listRoles jsp if divHref i id hrefID,0
c rt tld name url name,0
messages jsp html messages id message message true,0
flow deploy servlet xml MultiActionController that defines user interface actions as separate methods,0
business type servlet xml MultiActionController that defines user interface actions as separate methods,0
workspace xml window info anchor bottom id Anonymous Apex,0
showUserPrivileges jsp input type checkbox id WebModule theWebModule getWebModuleID name resourceIDs,0
flowDetail jsp td bgcolor 95CDDE align center fmt message key task memo td,0
acegi context xml bean id filterDefinitionSource,0
resource manage servlet xml bean id exceptionResolver,0
user group servlet xml ref bean userManager,0
validation xml arg0 key paramName,0
main jsp iframe id treeIFrame height 100 width 100 border 0 frameborder 0,0
flowMonitor jsp alert url,0
work list servlet xml bean id workListController class org powerstone workflow web WorkListController,0
mainToDeploy jsp request getContextPath wf list drivers to deploy fd currentdriverID currentdriverID flowDeployID flowDeployID flowNodeID flowNodeID contextPath contextPath,0
listGroupsTree jsp if divColl i id indexOf el 0 divColl i id el,0
user group servlet xml prop key user group add users to group ca,0
flow deploy servlet xml property name commandName value flowDeploy value property,0
user group servlet xml value redirect user group success submit ca,0
validation xml arg0 key driver name resource true,0
listGroupMembers jsp for int i java util List request getAttribute aPageMembers size i pageSize intValue i,0
listUsersNoGroup jsp td fmt message key ca user manage gt gt fmt message key ca users no group td,0
resource manage servlet xml bean id webModuleFormController class org powerstone ca web WebModuleFormController,0
top jsp TABLE id tableLogo,0
resource manage servlet xml prop key resource manage remove web module resource removeWebModule prop,0
flow deploy servlet xml prop key org springframework dao DataAccessException,0
listGroupsTree jsp if divHref i id hrefID,0
workflow ca context xml bean id roleDAO class org powerstone ca dao hibernate RoleDAOImpl,0
resource manage servlet xml bean id resourceFormController class org powerstone ca web ResourceFormController,0
flow driver servlet xml prop key wf edit param enume fd driverOutputEnumeFormController prop,0
listUsersNoGroup jsp title fmt message key ca users no group title,0
workspace xml window info anchor bottom id Spring,0
flow driver servlet xml prop key wf see driver detail fd flowDriverController prop,0
user group servlet xml prop key user group list users no group ca,0
user group servlet xml bean id urlMapping,0
userForm jsp onclick window location replace request getContextPath user group change pass ca id c out value id groupID c out value groupID pageTo c out value pageTo,0
listDrivers jsp request getContextPath wf see driver detail fd driverID tempi id,0
driverOutputEnumeForm jsp form method post action request getContextPath wf edit param enume fd,0
User hbm xml select u from User as u order by u id,0
ehcache xml cache name userCache,0
acegi context xml bean id authenticationProcessingFilter,0
resource manage servlet xml prop key resource manage success submit resource resourceManageController prop,0
user group servlet xml prop key user group list groups ca,0
role manage servlet xml bean id exceptionResolver,0
listGroups jsp iframe id treeIFrame height 100 width 100 border 0 frameborder 0,0
workflow service context xml bean id workflowMetaDAO,0
acegi context xml bean id cacheManager,0
flow driver servlet xml prop key wf remove driver inputparam fd removeDriverInputParam prop,0
listRoleMembers jsp url request getContextPath role manage add role members role roleID roleID,0
listTasksToAssign jsp TD width 60 align center fmt message key task memo TD,0
main jsp onclick window open request getContextPath wf edit driver fd resizable yes width 350 height 340 scrollbars yes,0
listUsersNoGroup jsp document form1 action url,0
listRolesTree jsp if divHref i id hrefID,0
groupsTreeToAddRole jsp a href request getContextPath role manage group members to add role role roleID request getAttribute roleID,0
listAllBusinessTypes jsp a href request getContextPath wf edit bt bt typeID c out value businessType typeID,0
listBusinessTypesToJoin jsp alert fmt message key bt no diffrent,0
seeFlowNodeBinding jsp if flowNodeBinding null,0
listRoles jsp url request getContextPath role manage edit role role roleID roleSelected,0
business type servlet xml bean id messageSource class org springframework context support ResourceBundleMessageSource,0
user group servlet xml prop key user group remove group ca,0
user group servlet xml prop key user group change pass ca,0
resource manage servlet xml prop key resource manage list web module resources resource listWebModuleResources prop,0
404 jsp div id supportingText,0
userForm jsp spring bind path user email,0
workflow ca context xml bean id userManager parent baseTransactionProxy,0
FlowMetaFileStore hbm xml id,0
flow monitor servlet xml MultiActionController that defines user interface actions as separate methods,0
seeDriverDetail jsp onclick window open request getContextPath wf edit input param fd driverID c out value theDriver flowDriverID width 250 height 200 src request getContextPath img add gif width 12 height 12 td,0
ps hibernate context xml bean id ps dataSource,0
FlowTask hbm xml id,0
acegi context xml select r vc role name from ca user u ca role r ca join user role ur,0
workflow quartz context xml ref bean caDelegater,0
work list servlet xml prop key org springframework dao DataAccessException,0
work list servlet xml bean id handlerMapping class org springframework web servlet handler SimpleUrlHandlerMapping,0
listRoleMembers jsp input name cancle type button class button default value fmt message key task end page onclick window open request getContextPath role manage list role members role roleID roleID end 1 currPageNo currPageNo intValue tgrget self nbsp,0
ps hibernate context xml bean id jndiDataSource class org springframework jndi JndiObjectFactoryBean,0
business type servlet xml bean id businessTypeFormController,0
listDrivers jsp ondblclick editeDriver this id theDriver getFlowDriverID,0
acegi context xml bean id rememberMeServices,0
workspace xml window info content ui combo id Project order 0 weight 0 3671875,0
role manage servlet xml prop key org springframework dao DataAccessException,0
fmt tld Loads a resource bundle and stores it in the named scoped variable or,0
flow driver servlet xml prop key wf remove driver outputparam fd removeDriverOutputParam prop,0
listGroupMembers jsp td align center currPageNo intValue 1 pageSize intValue ide intValue 1 td,0
listRolesTree jsp logic iterate id currRole name allRoles type org powerstone ca model Role,0
web xml servlet name resource manage servlet name,0
listDrivers jsp td width 16 align left fmt message key driver contextPath td,0
searchToDistribute jsp behavior url request getContextPath htc choseInput htc,0
seeFlowNodeBinding jsp FlowDeploy flowDeploy,0
workflow service context xml class org powerstone workflow dao hibernate WorkflowMetaDAOImpl,0
404 jsp div id linkList,0
flow deploy servlet xml bean id urlMapping class org springframework web servlet handler SimpleUrlHandlerMapping,0
user group servlet xml prop key user group group tree to add member ca userGroupController prop,0
workspace xml window info anchor bottom id Cvs order 4 weight 0 25,0
user group servlet xml value WEB INF views user group value,0
showExecutingTask jsp iframe id displayIframe name displayIframe,0
listExecutingTasks jsp logic iterate id currTask name aPageExeTasks indexId ide,0
listTaskKinds jsp c out value businessType typeName font color FF0000 id finished c out value businessType typeID,0
workspace xml window info anchor bottom id Event Log side tool true,0
workflow engine context xml property name flowDriverManager ref bean workflowDriverManager property,0
workspace xml entry file file PROJECT DIR web WEB INF views user group userForm jsp,0
roleForm jsp input type hidden name roleID value c out value status value,0
userForm jsp td class tdTitle fmt message key ca user manage gt gt fmt message key ca new user td,0
roleForm jsp memo label th,0
user group servlet xml bean id userFormController,0
listGroupsTree jsp a href request getContextPath user group list users no group ca target mainFrame,0
ps hibernate context xml bean id jotm class org springframework transaction jta JotmFactoryBean,0
seeDriverDetail jsp request getContextPath wf remove driver outputparam fd driverID,0
privilege manage servlet xml bean id exceptionResolver,0
404 jsp div id intro,0
listGroupMembers jsp Integer pageSize Integer request getAttribute pageSize,0
log4j xml priority value debug,0
roleForm jsp th label for memo,0
flowMonitor jsp flowProcID id,0
listRoleMembers jsp var reVal window open url resizable yes width 800 height 600,0
showRolePrivileges jsp input type checkbox id WebModule theWebModule getWebModuleID name resourceIDs,0
main jsp onClick changeColor this listDrivers c out value contextPath,0
listGroups jsp window open url target mainFrame,0
flow performer servlet xml MultiActionController that defines user interface actions as separate methods,0
top jsp LI A href onclick MM CLick this request getContextPath resource manage list web modules resource 4 class divNavBarANotSelected A LI,0
resourceForm jsp spring bind path resource,0
resource manage servlet xml prop key resource manage list web modules resource resourceManageController prop,0
validation xml form name resource,0
workspace xml window info id Designer,0
listGroupMembers jsp td width 10 align left fmt message key ca memo td,0
listGroupMembers jsp logic iterate id currUser name aPageMembers indexId ide type org powerstone ca model User,0
flowDeployForm jsp spring bind path flowDeploy,0
user group servlet xml value redirect user group edit user ca,0
listFinishedTasks jsp i pageSize intValue i,0
privilege manage servlet xml MultiActionController that defines user interface actions as separate methods,0
top jsp DIV id divMiddle,0
workflow service context xml class org powerstone workflow dao hibernate FlowMetaFileDAOImpl,0
workspace xml list default true id 7e9daec7 27f0 49f3 bf52 d59db57a2ae2 name Default Changelist comment,0
listBusinessTypesToJoin jsp url request getContextPath wf see flow meta fm flowMetaID c out value flowMeta flowMetaID,0
top jsp LI A href onclick MM CLick this request getContextPath user group list groups ca 1 class divNavBarASelected A LI,0
resource manage servlet xml prop key resource manage list web module resources resource resourceManageController prop,0
NewTask hbm xml id,0
groupsTreeToAddRole jsp logic iterate id node name groupTree indexId index,0
flow driver servlet xml prop key wf edit driver fd driverFormController prop,0
seeFlowMeta jsp url request getContextPath wf flow monitor moni flowDeployID selectedTR,0
top jsp TD id tdLogoRight,0
listWebModulesTree jsp a href request getContextPath resource manage list web module resources resource webModuleID currWebModule getWebModuleID,0
workflow service context xml class org powerstone workflow dao jdbc FlowMetaFileDAOJDBC,0
FlowTaskRole hbm xml id,0
listAllBusinessTypes jsp if divHref i id hrefID,0
listUsersNoGroup jsp a href request getContextPath user group edit user ca id currUser getId,0
configNodePerformer jsp c forEach items workflowMeta allActivityNodesList,0
dataAccessFailure jsp div id readmore style display none,0
workspace xml changelist id 7e9daec7 27f0 49f3 bf52 d59db57a2ae2 name Default Changelist comment,0
listRoleMembers jsp for int i java util List request getAttribute aPageMembers size i pageSize intValue i,0
flow driver servlet xml prop key wf list drivers to deploy fd listDriversToDeploy prop,0
404 jsp div id container,0
workflow service context xml bean id workflowDriverDAO,0
listRoleMembers jsp String roleID String request getAttribute roleID,0
flow driver servlet xml prop key wf remove driver inputparam fd flowDriverController prop,0
flowDeployForm jsp memo label th,0
seeDriverDetail jsp onclick window open request getContextPath wf edit output param fd driverID c out value theDriver flowDriverID width 250 height 200 src request getContextPath img add gif width 12 height 12 td,0
seeFlowNodeBinding jsp flowNodeBinding getWorkflowDriver getFlowDriverName,0
workflow ca context xml bean id groupDAO class org powerstone ca dao hibernate GroupDAOImpl,0
workflow service context xml class org powerstone workflow dao hibernate WorkflowDriverDAOImpl,0
mainToDeploy jsp onClick changeColor this listDrivers c out value contextPath,0
listUserOrganize jsp logic iterate id node name groupTree indexId index,0
configNodePerformer jsp input type button name Submit2 value fmt message key performer delete onclick delete user,0
top jsp LI A href onclick newWin request getContextPath wf home fd class divNavBarANotSelected A LI,0
workflow quartz context xml entry key flowTaskManager,0
listUsersNoGroup jsp td height 25 colspan 6 align center fmt message key ca move user to,0
listRoleMembers jsp input name cancle type button class button default value fmt message key task last page onclick window open request getContextPath role manage list role members role roleID roleID last 1 currPageNo currPageNo intValue tgrget self nbsp,0
ps hibernate context xml property name url,0
listRoleMembers jsp Integer pageSize Integer request getAttribute pageSize,0
business type servlet xml prop key wf list bt to join bt businessTypeController prop,0
user group servlet xml value redirect user group list group members ca,0
resource manage servlet xml prop key resource manage remove resource resource removeResource prop,0
searchToAssign jsp behavior url request getContextPath htc choseInput htc,0
seeFlowMeta jsp selectedTR tempi id,0
flow deploy servlet xml bean id exceptionResolver,0
resourceForm jsp v javascript formName resource staticJavascript false xhtml true cdata false,0
showUserPrivileges jsp request getContextPath priv manage update user privileges priv userID request getAttribute userID,0
role manage servlet xml bean id messageSource class org springframework context support ResourceBundleMessageSource,0
listAllBusinessTypes jsp valign top id c out value ide count c out value idee count nbsp,0
listAllBusinessTypes jsp font id c out value ide count c out value idee count,0
user group servlet xml MultiActionController that defines user interface actions as separate methods,0
main jsp url role manage amp user group amp priv manage amp wf,0
flow performer servlet xml prop key wf remove user performer pfm removeUserPerformer prop,0
listGroupMembers jsp input name cancle type button class button default value fmt message key task end page onclick window open request getContextPath user group list group members ca groupID groupID end 1 currPageNo currPageNo intValue tgrget self nbsp,0
web xml url pattern role url pattern,0
seeFlowMeta jsp logic iterate id theDeploy name flowDeploies indexId ide,0
listTasksToAssign jsp function changeBgColor tempi taskID,0
userForm jsp spring bind path user confirmPass,0
user group servlet xml value group value,0
main jsp parent document all mainFrame src request getContextPath wf edit bt bt,0
groupMembersToAddRole jsp request getContextPath role manage add users to role role roleID roleID,0
work list servlet xml bean id exceptionResolver,0
web xml url pattern pfm url pattern,0
driverInputForm jsp form method post action request getContextPath wf edit input param fd,0
resource manage servlet xml prop key resource manage list web modules tree resource resourceManageController prop,0
listTaskKinds jsp c out value businessType typeName font color FF0000 id exe c out value businessType typeID,0
flow deploy servlet xml bean id beanValidator class org springmodules commons validator DefaultBeanValidator,0
role manage servlet xml prop key role manage add users to role role addUsersToRole prop,0
acegi context xml bean id accessDecisionManager,0
listRoles jsp url request getContextPath role manage edit role role,0
listDrivers jsp action request getContextPath wf remove driver fd,0
listNewTasks jsp taskID activityID activityID,0
listUsersNoGroup jsp logic iterate id currUser name usersHaveNoGroup indexId ide,0
listDrivers jsp url,0
seeFlowMeta jsp request getContextPath wf list bt to join bt flowMetaID c out value workflowMeta flowMetaID,0
listUserOrganize jsp if whichEl style display none divColl i id indexOf el 0 divColl i id length el length 4,0
seeDriverDetail jsp request getContextPath wf remove driver inputparam fd driverID,0
listExecutingTasks jsp function changeBgColor tempi taskID,0
build xml undeploy url tomcat manager url username tomcat manager username password tomcat manager password path webapp name,0
flow driver servlet xml bean id beanValidator class org springmodules commons validator DefaultBeanValidator,0
listNewTasks jsp i pageSize intValue i,0
user group servlet xml value user value,0
login jsp DIV id divAll,0
listAllBusinessTypes jsp font style font weight bold id c out value ide count,0
flow driver servlet xml prop key wf remove driver paramenume fd flowDriverController prop,0
resource manage servlet xml prop key resource manage remove web module resource resourceManageController prop,0
top jsp LI A href onclick MM CLick this request getContextPath wf main bt 5 class divNavBarANotSelected A LI,0
listWebModules jsp window location replace url,0
listMembersToAddPerformer jsp td width 25 bgcolor F1F7FF div align center fmt message key performer userID div td,0
passForm jsp td class tdTitle fmt message key ca user manage gt gt fmt message key ca change pass td,0
driverOutputForm jsp form method post action request getContextPath wf edit output param fd,0
validator rules xml if user match userPat null,0
configNodePerformer jsp function delete user,0
searchToDistribute jsp userID xmlSource personData xml,0
listBusinessTypesToJoin jsp alert fmt message key bt pls select join,0
resource manage servlet xml prop key resource manage success submit resource successSubmit prop,0
listWebModules jsp window open url target mainFrame,0
validation xml arg0 key ca role name resource true,0
build xml start url tomcat manager url username tomcat manager username password tomcat manager password path webapp name,0
web xml url pattern wl url pattern,0
listRoles jsp window location replace url,0
flow driver servlet xml prop key wf edit output param fd driverOutputFormController prop,0
web xml servlet name user group servlet name,0
driverInputForm jsp document forms wFDriverInputParamForm elements paramName focus,0
listGroupMembers jsp input type button class button default value fmt message key ca new user onclick createUser,0
privilege manage servlet xml prop key priv manage show user privileges priv showUserPrivileges prop,0
seeFlowMeta jsp href request getContextPath wf preview big fm flowMetaID c out value workflowMeta flowMetaID,0
listGroupMembers jsp input name cancle type button class button default value fmt message key task next page onclick window open request getContextPath user group list group members ca groupID groupID next 1 currPageNo currPageNo intValue tgrget self nbsp,0
business type servlet xml prop key wf success submit bt successSubmit prop,0
myInfoForm jsp spring bind path user realName,0
user group servlet xml prop key user group remove group members ca,0
listDrivers jsp td width 15 align left fmt message key driver memo td,0
listFinishedTasks jsp input type button name taskID class button default value,0
listGroups jsp window location replace url,0
listNewTasks jsp url request getContextPath checkout and executing task do taskID,0
listExecutingTasks jsp window open url task window resizable 1 width 720 height 540 scrollbars 0,0
groupForm jsp th label for memo,0
seeFlowMeta jsp url request getContextPath deploy set deadline do workflowID selectedTR substring 4,0
listRolesTree jsp a href request getContextPath role manage list role members role roleID currRole getRoleID,0
resource manage servlet xml property name commandName value resource value property,0
flow driver servlet xml prop key wf see driver detail fd seeDriverDetail prop,0
passForm jsp c if test not empty id,0
myPassForm jsp v javascript formName user staticJavascript false xhtml true cdata false,0
userForm jsp spring bind path user userName,0
top jsp window sonWin window open url newWin resizable 1 width 720 height 540 scrollbars 0,0
acegi context xml bean id rememberMeProcessingFilter,0
listWebModules jsp url request getContextPath resource manage remove web module resource webModuleID webModuleSelected,0
listWebModuleResources jsp url request getContextPath resource manage edit resource resource webModuleID webModuleID,0
FlowProc hbm xml id,0
driverOutputForm jsp document forms wFDriverOutputParamForm elements paramName focus,0
listGroupMembers jsp window open url target mainFrame resizable yes width 800 height 600 scrollbars yes,0
build xml stop url tomcat manager url username tomcat manager username password tomcat manager password path webapp name,0
configNodePerformer jsp WorkflowMeta workflowMeta WorkflowMeta request getAttribute workflowMeta,0
listUserOrganize jsp font class ldh 12 20 b fmt message key performer group list b font,0
business type servlet xml prop key wf main bt businessTypeController prop,0
businessTypeForm jsp form method post action request getContextPath wf edit bt bt,0
privilege manage servlet xml prop key priv manage update user privileges priv updateUserPrivileges prop,0
configNodePerformer jsp if targetForm user items value null targetForm user items value,0
listGroups jsp src request getContextPath user group list groups tree ca,0
listRoleMembers jsp input name cancle type button class button default value fmt message key task first page onclick window open request getContextPath role manage list role members role roleID roleID first 1 currPageNo 1 tgrget self nbsp nbsp,0
seeFlowMeta jsp window open url,0
listExecutingTasks jsp url request getContextPath show executing task wl taskID taskID,0
listMyRefusedTasks jsp url request getContextPath show executing task wl taskID taskID,0
myInfoForm jsp spring bind path user,0
user group servlet xml prop key user group login ca login prop,0
listFlowNodes jsp c forEach items workflowMeta allActivityNodesList var theNode,0
flow performer servlet xml prop key wf user organize pfm userOrganize prop,0
index jsp c redirect url login jsp c redirect,0
searchToAssign jsp input id person indexName USERID captionPropty USERNAME,0
userForm jsp spring bind path user realName,0
userForm jsp title fmt message key ca new user title,0
groupForm jsp spring bind path group groupName,0
showExecutingTask jsp window location href request getContextPath list tasks to refuse wl taskID c out value taskID,0
listAllBusinessTypes jsp div class tdTreeNode valign top id other c out value idee count style display none cursor hand nbsp,0
newFlowDeploy jsp textarea name memo rows 10 cols 60 textarea,0
listWebModules jsp url request getContextPath resource manage edit web module resource webModuleID webModuleSelected,0
index jsp c redirect url hasNoRight jsp c redirect,0
userForm jsp v javascript formName user staticJavascript false xhtml true cdata false,0
myInfoForm jsp v javascript formName user staticJavascript false xhtml true cdata false,0
ehcache xml user dir User s current working directory,0
user group servlet xml prop key user group add group members ca userGroupController prop,0
groupsTreeToAddRole jsp if divColl i id indexOf el 0 divColl i id el,0
web xml url pattern ca url pattern,0
web xml url pattern bt url pattern,0
listRoleMembers jsp window open url target mainFrame resizable yes width 800 height 600 scrollbars yes,0
validation xml form name group,0
groupForm jsp v javascript formName group staticJavascript false xhtml true cdata false,0
main jsp td class tdTitle fmt message key bt flows can deploy td,0
workflow service context xml class org powerstone workflow dao hibernate BusinessTypeDAOImpl,0
showExecutingTask jsp TD nowrap width 10 height 30 align right fmt message key task memo TD,0
resourceForm jsp spring bind path resource resourceID,0
main jsp src request getContextPath wf see driver detail fd frameborder 1 height 100,0
searchToDistribute jsp input type hidden name taskID value request getAttribute taskID,0
mainToDeploy jsp function listDrivers contextPath,0
fmt rt tld Loads a resource bundle to be used by its tag body,0
flow driver servlet xml prop key wf edit input param fd driverInputFormController prop,0
resourceForm jsp form method post action request getContextPath resource manage edit resource resource,0
showExecutingTask jsp request getContextPath search to distribute wl taskID c out value taskID,0
business type servlet xml prop key wf edit bt bt businessTypeFormController prop,0
listExecutingTasks jsp td align center currPageNo intValue 1 pageSize intValue ide intValue 1 td,0
seeFlowNodeBinding jsp flowNodeBinding getWorkflowDriver null,0
searchToAssign jsp userID init 1,0
resource manage servlet xml prop key resource manage list web modules resource listWebModules prop,0
flow driver servlet xml prop key wf remove driver fd flowDriverController prop,0
flow driver servlet xml prop key wf remove driver paramenume fd removeDriverParamEnume prop,0
business type servlet xml prop key wf remove bt bt removeBusinessType prop,0
listExecutingTasks jsp TD align left width 60 fmt message key task memo TD,0
web xml url pattern moni url pattern,0
top jsp function newWin url,0
user group servlet xml prop key user group edit group ca,0
listDrivers jsp request getContextPath wf edit driver fd driverID driverID,0
web xml url pattern url pattern,0
listWebModules jsp url request getContextPath resource manage edit web module resource,0
flow meta servlet xml prop key wf update bt of flow fm updateBTOfFlow prop,0
resourceForm jsp spring bind path resource resourceName,0
listBusinessTypesToJoin jsp window location replace url,0
seeFlowMeta jsp url request getContextPath wf see flow deploy dpl flowDeployID selectedTR,0
business type servlet xml prop key wf main bt main prop,0
Resource hbm xml select wm from WebModule as wm,0
validation xml arg0 key ca resource resource name resource true,0
flow driver servlet xml prop key wf remove driver fd removeDriver prop,0
driverForm jsp spring bind path driver contextPath,0
404 jsp c set var ctx value pageContext request contextPath,0
listNewTasks jsp window open url resizable 1 width 720 height 540 scrollbars 0,0
c tld url context,0
resourceForm jsp spring bind path resource actionURL,0
struts bean tld name resource name,0
seeFlowMeta jsp window showModalDialog url dialogWidth 600px dialogHeight 400px status 0 help 0,0
build xml tarfileset dir basedir mode 644 prefix webapp name username ant group ant,0
acegi context xml class org acegisecurity providers dao DaoAuthenticationProvider,0
resource manage servlet xml prop key resource manage edit resource resource resourceFormController prop,0
misc xml output url file PROJECT DIR out,0
resource manage servlet xml property name prefix value WEB INF views resource manage value property,0
seeFlowNodeBinding jsp value flowNodeBinding null flowNodeBinding getNodeBindingID toString,0
listTasksToRefuse jsp action request getContextPath refuse task wl taskID c out value taskID,0
flow performer servlet xml prop key wf list user organize pfm listUserOrganize prop,0
driverForm jsp form method post action request getContextPath wf edit driver fd,0
listGroups jsp var url,0
validation xml arg0 key ca web module name resource true,0
role manage servlet xml prop key role manage group members to add role role groupMembersToAddRole prop,0
seeFlowNodeBinding jsp flowNodeBinding getWorkflowDriver getFlowDriverID toString,0
flowMonitor jsp window open url resizable 1 width 720 height 540 scrollbars 1,0
listTasksToAssign jsp window open url task window resizable 1 width 720 height 540 scrollbars 0,0
index jsp ca hasRightToDo url role manage,0
listMyRefusedTasks jsp function changeBgColor tempi taskID,0
main jsp input type button class button default value fmt message key bt newFlow onClick newFlow,0
validation xml arg0 key paramAlias,0
listBusinessTypesToJoin jsp form action request getContextPath wf update bt of flow fm name form1 method POST,0
c tld redirect url,0
listDrivers jsp onclick window open request getContextPath wf edit driver fd c if test empty contextPath contextPath c out value contextPath c if resizable yes width 350 height 340 scrollbars yes,0
acegi context xml select r vc role name from ca resource c ca role,0
acegi context xml userCache ehcache user,0
listGroups jsp alert url,0
listWebModuleResources jsp window open url target mainFrame resizable yes width 800 height 600 scrollbars yes,0
groupForm jsp spring bind path group groupID,0
listGroupMembers jsp title fmt message key ca group members title,0
listGroupMembers jsp form1 action request getContextPath user group list group members ca groupID groupID,0
flow driver servlet xml prop key wf home to deploy fd flowDriverController prop,0
configNodePerformer jsp c forEach items workflowMeta allActivityNodesList var currNode,0
404 jsp a href c url value welcome page a While you 39 re here how,0
listFinishedTasks jsp onclick if confirm window location replace request getContextPath get back task wl taskID currTask getTaskID,0
listFinishedTasks jsp currPageNo intValue 1 pageSize intValue ide intValue 1,0
groupForm jsp spring bind path group,0
WorkflowMeta hbm xml from WorkflowMeta wm order by wm flowMetaID asc,0
main jsp c forEach items allContextPath var contextPath,0
searchToAssign jsp input type hidden name taskID value request getAttribute taskID,0
listRoles jsp window open url target mainFrame,0
c tld name url name,0
build xml list url tomcat manager url username tomcat manager username password tomcat manager password,0
listRoleMembers jsp input name cancle type button class button default value fmt message key task next page onclick window open request getContextPath role manage list role members role roleID roleID next 1 currPageNo currPageNo intValue tgrget self nbsp,0
seeFlowMeta jsp img src request getContextPath wf preview flow meta fm flowMetaID c out value workflowMeta flowMetaID,0
business type servlet xml prop key wf list bt to join bt listBusinessTypesToJoin prop,0
seeFlowMeta jsp fmt message key flowMeta create time c out value workflowMeta flowFileInUse createdTime,0
listRoleMembers jsp form1 action request getContextPath role manage list role members role roleID roleID,0
dataAccessFailure jsp a href c url value 171 Home a,0
404 jsp onkeypress location href c url value div,0
build xml property name hibernate connection url value jdbc oracle thin 127 0 0 1 1521 POWERSTONE,0
listMyRefusedTasks jsp window open url task window resizable 1 width 720 height 540 scrollbars 0,0
seeFlowMeta jsp input type button value fmt message key bt changeFlowModule class button default,0
configNodePerformer jsp dataFields workflowMeta getDataFields,0
main jsp c out value contextPath,0
seeFlowMeta jsp window location replace url,0
seeFlowMeta jsp url,0
flow driver servlet xml prop key wf home to deploy fd homePageToDeploy prop,0
seeFlowMeta jsp request getContextPath wf remove flow meta fm flowMetaID c out value workflowMeta flowMetaID,0
