applicationContext guiControllers xml property name branchListCtrl ref branchListCtrl,1
SecLoginlog hbm xml property name lglLoginname type string,1
SecGroupright hbm xml many to one name secRight class de forsthaus backend model SecRight,1
applicationContext hibernate xml property name chartDataDAO ref chartDataDAO,1
YoutubeLink hbm xml property name interpret type string,1
Ip Country hbm xml many to one name countryCode class de forsthaus backend model CountryCode,1
SecLoginlog hbm xml property name lglSessionid type string,1
Ip Country hbm xml property name i coIp type long,1
applicationContext hibernate xml property name ip CountryDAO ref ip CountryDAO,1
applicationContext guiServices xml property name rootMenuDomainFactory ref metaMenuFactory,1
applicationContext guiServices xml property name name value mainmenu xml,1
GuestBook hbm xml property name gubDate type timestamp,1
SecLoginlog hbm xml property name lglStatusid type java lang Integer,1
applicationContext guiControllers xml property name userWorkspace ref userWorkspace,1
IpToCountry hbm xml property name ipcIpFrom type long,1
mainmenu xml iconName images icons exdDatabaseView x gif rightName menuItem Administration Rights,1
HibernateStatistics hbm xml property name callMethod column callmethod type text,1
HibernateEntityStatistics hbm xml property name entityName column entityname type text,1
mainmenu xml iconName images icons cardbox x gif,1
applicationContext hibernate xml property name hibernateSearchSupport ref hibernateSearchSupport,1
Office hbm xml property name filBezeichnung type string,1
Office hbm xml property name filOrt type string,1
mainmenu xml iconName images icons icon pdf x png,1
HibernateStatistics hbm xml property name collectionRecreateCount column collectionrecreatecount,1
mainmenu xml iconName images icons exdDatabaseView x gif rightName menuItem Administration GroupRights,1
SecLoginlog hbm xml many to one name ip Country class de forsthaus backend model Ip Country,1
applicationContext guiControllers xml property name officeDetailCtrl ref officeDetailCtrl,1
applicationContext hibernate xml property name languageDAO ref languageDAO,1
applicationContext guiServices xml property name hibernateStatisticsService ref hibernateStatisticsService,1
Office hbm xml property name filName type string,1
mainmenu xml menu id menu Category ReadMe rightName open true,1
mainmenu xml iconName images icons console view gif,1
mainmenu xml iconName images icons method x gif rightName menuItem Administration HibernateStats,1
Orderposition hbm xml property name aupPosition type java lang Integer,1
Ip Country hbm xml property name i cLatitude type float,1
HibernateStatistics hbm xml property name entityUpdateCount column entityupdatecount,1
HibernateStatistics hbm xml set name hibernateEntityStatisticsSet fetch select lazy true,1
HibernateStatistics hbm xml property name entityInsertCount column entityinsertcount,1
ApplicationNews hbm xml property name text type string,1
mainmenu xml iconName images icons index x gif rightName menuItem MainData Branch,1
IpToCountry hbm xml property name ipcCountryName type string,1
mainmenu xml iconName images icons exdDatabaseView x gif rightName menuItem Administration Roles,1
mainmenu xml menu id menu Category UserRights rightName menuCat UserRights,1
Ip Country hbm xml set name secLoginlogs inverse true,1
HibernateStatistics hbm xml property name collectionUpdateCount column collectionupdatecount,1
mainmenu xml menu id menu Category Administration rightName menuCat Administration,1
IpToCountry hbm xml property name ipcIpTo type long,1
mainmenu xml menuItem id menu Item Users iconName images icons user group x png,1
mainmenu xml iconName images icons index x gif rightName menuItem MainData Office,1
HibernateEntityStatistics hbm xml property name updateCount column updatecount type integer,1
Branche hbm xml property name braBezeichnung type string,1
mainmenu xml iconName images icons index x gif rightName menuItem MainData ArticleItems,1
mainmenu xml zulNavigation WEB INF pages sec user userList zul rightName menuItem Administration Users,1
GuestBook hbm xml property name gubUsrname type string,1
mainmenu xml iconName images icons method x gif rightName menuItem Administration HibernateStats,1
springSecurityContext xml beans property name guiLoginLoggingPolicService ref guiLoginLoggingPolicService,1
GuestBook hbm xml property name gubSubject type string,1
Ip Country hbm xml property name i coCcdId type long,1
applicationContext guiServices xml property name ip CountryService ref ip CountryService,1
CountryCode hbm xml property name ccdCode type string,1
applicationContext guiControllers xml property name plwOrders ref pagedListWrapper,1
applicationContext guiControllers xml p pagedListWrapper ref pagedListWrapper,1
mainmenu xml iconName images icons exdDatabaseView x gif rightName menuItem Administration RoleGroups,1
HibernateStatistics hbm xml property name entityLoadCount column entityloadcount,1
HibernateStatistics hbm xml property name prepareStatementCount column preparestatementcount,1
Article hbm xml property name artPreis type big decimal,1
mainmenu xml iconName images icons index x gif rightName menuItem MainData ArticleItems,1
mainmenu xml iconName images icons exdDatabaseView x gif rightName menuItem Administration Groups,1
mainmenu xml menu id menu Category OfficeData rightName menuCat OfficeData,1
applicationContext hibernate xml property name hibernateSearchProcessor,1
GuestBook hbm xml property name gubText type string,1
applicationContext guiControllers xml property name plwSecUsers ref pagedListWrapper,1
mainmenu xml iconName images icons spreadsheet x png,1
applicationContext guiControllers xml property name officeListCtrl ref officeListCtrl,1
ApplicationNews hbm xml property name date type timestamp,1
MyCalendarEvent hbm xml property name contentColor type string,1
HibernateStatistics hbm xml property name javaFinishMs column javafinishms type long,1
mainmenu xml iconName images icons view gif rightName menuItem OfficeData Customers,1
mainmenu xml iconName images icons exdDatabaseView x gif rightName menuItem Administration Rights,1
HibernateStatistics hbm xml property name queryExecutionMaxTime column queryexecutionmaxtime,1
MyCalendarEvent hbm xml property name headerColor type string,1
mainmenu xml iconName images icons method x gif rightName menuItem Administration LoginsLog,1
HibernateEntityStatistics hbm xml property name fetchCount column fetchcount type integer,1
CountryCode hbm xml property name ccdName type string,1
HibernateStatistics hbm xml property name queryExecutionCount column queryexecutioncount,1
IpToCountry hbm xml property name ipcCountryCode type string,1
HibernateStatistics hbm xml property name queryExecutionMaxTimeQueryString column queryexecutionmaxtimequerystring,1
mainmenu xml iconName images icons exdDatabaseView x gif rightName menuItem Administration Groups,1
SecLoginlog hbm xml property name lglIp type string,1
MyCalendarEvent hbm xml property name beginDate type timestamp,1
applicationContext guiControllers xml property name articleDetailCtrl ref articleDetailCtrl,1
mainmenu xml iconName images icons exdDatabaseView x gif rightName menuItem Administration UserRoles,1
applicationContext guiControllers xml property name pagedListWrapperBranche ref pagedListWrapper,1
CountryCode hbm xml set name ip Countries inverse true table log ip country,1
MyCalendarEvent hbm xml property name endDate type timestamp,1
HibernateStatistics hbm xml property name collectionRemoveCount column collectionremovecount,1
SecUser hbm xml property name usrLocale type string,1
Office hbm xml property name filName type string,1
HibernateEntityStatistics hbm xml many to one name hibernateStatistics column hibernateentitystatisticsid,1
mainmenu xml iconName images icons exdDatabaseView x gif rightName menuItem Administration Roles,1
mainmenu xml menu id menu Category ReadMe rightName open true,1
mainmenu xml menu id menu Category MainData rightName menuCat MainData,1
Ip Country hbm xml property name i cLongitude type float,1
HibernateStatistics hbm xml property name collectionFetchCount column collectionfetchcount,1
MyCalendarEvent hbm xml property name content type string,1
HibernateStatistics hbm xml property name collectionLoadCount column collectionloadcount,1
applicationContext guiControllers xml property name gridPagedListWrapper ref pagedGridWrapper,1
mainmenu xml iconName images icons view gif rightName menuItem OfficeData Orders,1
SecLoginlog hbm xml property name lglLogtime type timestamp,1
mainmenu xml iconName images icons index x gif rightName menuItem MainData Office,1
Office hbm xml property name filNr type string,1
applicationContext guiControllers xml property name dropDownMenuFactory ref dropDownMenuFactory,1
applicationContext guiControllers xml property name articleListCtrl ref articleListCtrl,1
MyCalendarEvent hbm xml property name locked type java lang Boolean,1
Ip Country hbm xml property name i cCity type string,1
mainmenu xml iconName images icons index x gif rightName menuItem MainData Branch,1
HibernateStatistics hbm xml property name flushCount column flushcount type integer,1
applicationContext guiControllers xml property name pagedListWrapperCustomer ref pagedListWrapper,1
mainmenu xml iconName images icons method x gif rightName menuItem Administration LoginsLog,1
applicationContext guiControllers xml property name plwArticles ref pagedListWrapper,1
HibernateStatistics hbm xml property name entityDeleteCount column entitydeletecount,1
applicationContext guiControllers xml property name treeMainMenuFactory ref treeMenuFactory,1
applicationContext guiControllers xml property name branchDetailCtrl ref branchDetailCtrl,1
mainmenu xml iconName images icons calendar x gif,1
mainmenu xml iconName images icons wpmini blue x png,1
mainmenu xml iconName images icons view gif rightName menuItem OfficeData Customers,1
Article hbm xml property name artLangbezeichnung type string,1
HibernateEntityStatistics hbm xml property name insertCount column insertcount type integer,1
mainmenu xml iconName images icons exdDatabaseView x gif rightName menuItem Administration GroupRights,1
HibernateEntityStatistics hbm xml property name deleteCount column deletecount type integer,1
mainmenu xml iconName images icons create doc x gif,1
performance db logging xml property name loggingService,1
Customer hbm xml set name orders fetch select inverse true,1
mainmenu xml iconName images icons exdDatabaseView x gif rightName menuItem Administration RoleGroups,1
applicationContext guiServices xml property name rootMenuDomainFactory ref metaMenuFactory,1
mainmenu xml iconName images icons exdDatabaseView x gif rightName menuItem Administration UserRoles,1
HibernateStatistics hbm xml property name entityFetchCount column entityfetchcount,1
mainmenu xml iconName images icons view gif rightName menuItem OfficeData Orders,1
IpToCountry hbm xml property name ipcCountryCode type string,1
HibernateEntityStatistics hbm xml property name loadCount column loadcount type integer,1
zk xml exception type,0
core dsp tld param deviceType the device type If null ajax is assumed,0
workspace xml provider selected true editor type id text editor,0
HibernateStatistics hbm xml id name id type long column id,0
index html style type text css,0
IpToCountry hbm xml id name id type long,0
Order hbm xml property name aufNr type string,0
Customer hbm xml property name kunMahnsperre type java lang Boolean,0
GuestBook hbm xml version name version column VERSION type integer,0
Article hbm xml property name artNr type string,0
SecUserrole hbm xml id name id type long,0
workspace xml provider selected true editor type id text editor,0
workspace xml provider selected true editor type id text editor,0
pom xml type jar type,0
YoutubeLink hbm xml property name title type string,0
zk xml device type ajax device type,0
SecUser hbm xml property name usrEmail type string,0
SecLoginlog hbm xml id name id type long column name lgl id generator,0
CountryCode hbm xml id name id type long,0
SecUser hbm xml property name usrEnabled type boolean,0
Article hbm xml version name version column VERSION type integer,0
workspace xml provider selected true editor type id text editor,0
workspace xml provider selected true editor type id text editor,0
workspace xml provider selected true editor type id text editor,0
workspace xml provider selected true editor type id text editor,0
YoutubeLink hbm xml id name id type long column name ytb id generator,0
core dsp tld Sets the page info such as the content type,0
index html script type text javascript,0
pom xml type jar type,0
core dsp tld param deviceType the device type If null ajax is assumed,0
MyCalendarEvent hbm xml id name id type long,0
workspace xml provider selected true editor type id text editor,0
YoutubeLink hbm xml id name id type long,0
index html script type text javascript,0
workspace xml provider selected true editor type id text editor,0
workspace xml provider selected true editor type id text editor,0
workspace xml provider selected true editor type id text editor,0
Ip Country hbm xml id name id type long column name i c id generator,0
lang addon xml stylesheet href css zul zksample css type text css,0
Article hbm xml id name id type long,0
workspace xml provider selected true editor type id text editor,0
Customer hbm xml property name kunMatchcode type string,0
SecRight hbm xml version name version column VERSION type integer,0
MyCalendarEvent hbm xml id name id type long column name cle id generator,0
workspace xml provider selected true editor type id text editor,0
index html style type text css,0
Order hbm xml version name version column version type int,0
SecRight hbm xml column name rig type,0
workspace xml provider selected true editor type id text editor,0
YoutubeLink hbm xml property name url type string,0
Orderposition hbm xml id name id type long column name aup id generator,0
pom xml type jar type,0
workspace xml provider selected true editor type id text editor,0
SecRight hbm xml id name id type long,0
SecRolegroup hbm xml id name id type long,0
GuestBook hbm xml id name id type long,0
SecLoginlog hbm xml version name version column VERSION type integer,0
SecRole hbm xml property name rolShortdescription type string,0
Office hbm xml version name version column VERSION type integer,0
Orderposition hbm xml property name aupMenge type big decimal,0
SecRole hbm xml id name id type long column name rol id generator,0
ApplicationNews hbm xml id name id type long,0
Branche hbm xml id name id type long column name bra id generator,0
SecGroup hbm xml property name grpShortdescription type string,0
workspace xml provider selected true editor type id text editor,0
workspace xml provider selected true editor type id text editor,0
Office hbm xml id name id type long column name fil id generator,0
IpToCountry hbm xml version name version column VERSION type integer,0
pom xml type jar type,0
SecUser hbm xml property name usrAccountnonlocked type boolean,0
workspace xml provider selected true editor type id text editor,0
SecLoginlog hbm xml property name browserType type string,0
index html document write script src http ad doubleclick net adj ostg sourceforge project web p medrec pg index default tile dfp tile tpc ord dfp ord type text javascript script,0
HibernateEntityStatistics hbm xml type integer not null true,0
Order hbm xml property name aufBezeichnung type string,0
pom xml type jar type,0
workspace xml provider selected true editor type id text editor,0
YoutubeLink hbm xml version name version column VERSION type integer,0
index html script language JavaScript type text javascript,0
workspace xml provider selected true editor type id text editor,0
SecUser hbm xml version name version column VERSION type integer,0
workspace xml provider selected true editor type id text editor,0
Branche hbm xml version name version column VERSION type integer,0
index html src http sflogo sourceforge net sflogo php group id amp type,0
SecRight hbm xml property name rigType type java lang Integer,0
Ip Country hbm xml version name version column VERSION type integer,0
Article hbm xml id name id type long column name art id generator,0
SecUser hbm xml id name id type long column name usr id generator,0
index html document write unescape Cscript src gaJsHost google analytics com ga js type text javascript E C script E,0
workspace xml provider selected true editor type id text editor,0
SecRolegroup hbm xml id name id type long column name rlg id generator,0
index html link rel stylesheet type text css href startPage css,0
SecRolegroup hbm xml version name version column VERSION type integer,0
SecUserrole hbm xml version name version column VERSION type integer,0
workspace xml provider selected true editor type id text editor,0
Ip Country hbm xml id name id type long,0
SecUser hbm xml property name usrAccountnonexpired type boolean,0
lang addon xml type text css,0
index html style type text css,0
workspace xml provider selected true editor type id text editor,0
index html meta http equiv content type content text html charset UTF,0
HibernateStatistics hbm xml type integer not null true,0
context xml ResourceLink auth Container name jdbc toledo global jdbc toledo type javax sql DataSource,0
HibernateStatistics hbm xml type integer not null true,0
core dsp tld param type the type of the browser,0
HibernateStatistics hbm xml type integer not null true,0
HibernateStatistics hbm xml type integer not null true,0
SecGroupright hbm xml id name id type long column name gri id generator,0
HibernateStatistics hbm xml type integer not null true,0
SecRight hbm xml id name id type long column name rig id generator,0
MyCalendarEvent hbm xml version name version column VERSION type integer,0
workspace xml provider selected true editor type id text editor,0
MyCalendarEvent hbm xml property name title type string,0
workspace xml provider selected true editor type id text editor,0
IpToCountry hbm xml id name id type long column name ipc id generator,0
SecRole hbm xml id name id type long,0
HibernateEntityStatistics hbm xml id name id type long column id,0
SecRole hbm xml version name version column VERSION type integer,0
SecUser hbm xml property name usrPassword type string,0
Customer hbm xml property name kunOrt type string,0
Orderposition hbm xml version name version column VERSION type integer,0
core dsp tld type,0
misc xml component name ProjectRootManager version languageLevel JDK project jdk name project jdk type JavaSDK,0
HibernateStatistics hbm xml type integer not null true,0
HibernateStatistics hbm xml type integer not null true,0
pom xml type jar type,0
HibernateStatistics hbm xml type integer not null true,0
Ip Country hbm xml version name version column VERSION type integer,0
HibernateStatistics hbm xml type integer not null true,0
Order hbm xml id name id type long column name auf id generator,0
HibernateStatistics hbm xml property name finishTime column finishtime type timestamp,0
workspace xml provider selected true editor type id text editor,0
Orderposition hbm xml property name aupEinzelwert type big decimal,0
pom xml type jar type,0
CountryCode hbm xml id name id type long column name ccd id generator,0
pom xml type jar type,0
pom xml type jar type,0
HibernateStatistics hbm xml type integer not null true,0
pom xml type jar type,0
HibernateStatistics hbm xml type integer not null true,0
HibernateStatistics hbm xml type integer not null true,0
HibernateStatistics hbm xml type integer not null true,0
SecGroupright hbm xml id name id type long,0
SecUser hbm xml id name id type long,0
HibernateStatistics hbm xml type integer not null true,0
SecUser hbm xml property name usrLastname type string,0
index html meta http equiv content type content text html charset utf,0
pom xml type jar type,0
Branche hbm xml id name id type long,0
HibernateStatistics hbm xml type text,0
Office hbm xml id name id type long,0
Order hbm xml id name id type long,0
Customer hbm xml id name id type long column name kun id generator,0
Ip Country hbm xml id name id type long,0
SecRight hbm xml property name rigName type string,0
Article hbm xml property name artKurzbezeichnung type string,0
SecGroup hbm xml version name version column VERSION type integer,0
workspace xml provider selected true editor type id text editor,0
workspace xml provider selected true editor type id text editor,0
SecGroup hbm xml property name grpLongdescription type string,0
Customer hbm xml id name id type long,0
SecUser hbm xml property name usrFirstname type string,0
GuestBook hbm xml id name id type long column name gub id generator,0
SecUserrole hbm xml id name id type long column name urr id generator,0
workspace xml provider selected true editor type id text editor,0
Customer hbm xml property name kunName type string,0
Customer hbm xml version name version column VERSION type integer,0
Orderposition hbm xml id name id type long,0
ApplicationNews hbm xml version name version column VERSION type integer,0
workspace xml window info anchor right id Commander internal type SLIDING order type SLIDING weight,0
index html div id fad script type text javascript,0
pom xml type jar type,0
Nextidview hbm xml id name nextval type java lang Long,0
Orderposition hbm xml property name aupGesamtwert type big decimal,0
Customer hbm xml property name kunName type string,0
workspace xml provider selected true editor type id text editor,0
Ip Country hbm xml id name id type long column name i co id generator,0
SecRole hbm xml property name rolLongdescription type string,0
workspace xml provider selected true editor type id text editor,0
index DE html meta http equiv content type content text html charset UTF,0
SecUser hbm xml property name usrToken type string,0
workspace xml provider selected true editor type id text editor,0
CountryCode hbm xml version name version column VERSION type integer,0
Customer hbm xml property name kunNr type string,0
SecUser hbm xml property name usrCredentialsnonexpired type boolean,0
workspace xml provider selected true editor type id text editor,0
SecGroup hbm xml id name id type long column name grp id generator,0
SecUser hbm xml property name usrLoginname type string,0
SecGroup hbm xml id name id type long,0
SecLoginlog hbm xml id name id type long,0
index DE html style type text css,0
core dsp tld param deviceType the device type If null ajax is assumed,0
zk xml exception type java lang Throwable,0
workspace xml provider selected true editor type id text editor,0
SecGroupright hbm xml version name version column VERSION type integer,0
workspace xml provider selected true editor type id text editor,0
index DE html text decoration none,0
workspace xml provider selected true editor type id text editor,0
workspace xml provider selected true editor type id text editor,0
index html meta http equiv content type content text html charset UTF,0
index html style type text css,0
workspace xml provider selected true editor type id text editor,0
workspace xml provider selected true editor type id text editor,0
workspace xml provider selected true editor type id text editor,0
workspace xml provider selected true editor type id text editor,0
index html text decoration none,0
workspace xml provider selected true editor type id text editor,0
index DE html text decoration none,0
workspace xml provider selected true editor type id text editor,0
workspace xml provider selected true editor type id text editor,0
workspace xml provider selected true editor type id text editor,0
index html text decoration none,0
index html script type text javascript,0
index DE html text decoration none,0
index html text decoration none,0
index html text decoration none,0
workspace xml provider selected true editor type id text editor,0
ApplicationNews hbm xml column name anw text length,0
index html script type text javascript,0
workspace xml provider selected true editor type id text editor,0
index DE html text decoration none,0
workspace xml provider selected true editor type id text editor,0
index DE html text decoration none,0
workspace xml provider selected true editor type id text editor,0
lang addon xml stylesheet href css zul zksample css type text css,0
workspace xml provider selected true editor type id text editor,0
index html text decoration none,0
index html text align center,0
workspace xml provider selected true editor type id text editor,0
workspace xml provider selected true editor type id text editor,0
index html style type text css,0
workspace xml provider selected true editor type id text editor,0
index html meta http equiv content type content text html charset utf,0
workspace xml provider selected true editor type id text editor,0
index html text decoration none,0
HibernateStatistics hbm xml type text,0
workspace xml provider selected true editor type id text editor,0
workspace xml provider selected true editor type id text editor,0
workspace xml provider selected true editor type id text editor,0
workspace xml provider selected true editor type id text editor,0
workspace xml provider selected true editor type id text editor,0
index html div id fad script type text javascript,0
index html text align center,0
workspace xml provider selected true editor type id text editor,0
workspace xml provider selected true editor type id text editor,0
index html document write script src http ad doubleclick net adj ostg sourceforge project web p medrec pg index default tile dfp tile tpc ord dfp ord type text javascript script,0
workspace xml provider selected true editor type id text editor,0
GuestBook hbm xml column name gub text length,0
index DE html meta http equiv content type content text html charset UTF,0
workspace xml provider selected true editor type id text editor,0
index html script language JavaScript type text javascript,0
index html text decoration none,0
workspace xml provider selected true editor type id text editor,0
workspace xml provider selected true editor type id text editor,0
workspace xml provider selected true editor type id text editor,0
workspace xml provider selected true editor type id text editor,0
index html document write unescape Cscript src gaJsHost google analytics com ga js type text javascript E C script E,0
workspace xml provider selected true editor type id text editor,0
index DE html style type text css,0
index html link rel stylesheet type text css href startPage css,0
workspace xml provider selected true editor type id text editor,0
workspace xml provider selected true editor type id text editor,0
workspace xml provider selected true editor type id text editor,0
lang addon xml type text css,0
index html style type text css,0
workspace xml provider selected true editor type id text editor,0
workspace xml provider selected true editor type id text editor,0
workspace xml provider selected true editor type id text editor,0
workspace xml provider selected true editor type id text editor,0
workspace xml provider selected true editor type id text editor,0
workspace xml provider selected true editor type id text editor,0
workspace xml provider selected true editor type id text editor,0
workspace xml provider selected true editor type id text editor,0
workspace xml provider selected true editor type id text editor,0
workspace xml provider selected true editor type id text editor,0
workspace xml provider selected true editor type id text editor,0
workspace xml provider selected true editor type id text editor,0
workspace xml provider selected true editor type id text editor,0
workspace xml provider selected true editor type id text editor,0
workspace xml provider selected true editor type id text editor,0
workspace xml provider selected true editor type id text editor,0
workspace xml provider selected true editor type id text editor,0
workspace xml provider selected true editor type id text editor,0
workspace xml property name settings editor selected configurable value preferences pluginManager,0
workspace xml provider selected true editor type id text editor,0
workspace xml provider selected true editor type id text editor,0
workspace xml provider selected true editor type id text editor,0
workspace xml provider selected true editor type id text editor,0
workspace xml provider selected true editor type id text editor,0
workspace xml provider selected true editor type id text editor,0
workspace xml provider selected true editor type id text editor,0
workspace xml provider selected true editor type id text editor,0
workspace xml provider selected true editor type id text editor,0
workspace xml provider selected true editor type id text editor,0
workspace xml provider selected true editor type id text editor,0
workspace xml provider selected true editor type id text editor,0
workspace xml provider selected true editor type id text editor,0
workspace xml provider selected true editor type id text editor,0
workspace xml provider selected true editor type id text editor,0
workspace xml provider selected true editor type id text editor,0
workspace xml provider selected true editor type id text editor,0
workspace xml provider selected true editor type id text editor,0
MyCalendarEvent hbm xml column name cle content length not null true,0
MyCalendarEvent hbm xml column name cle content color length,0
index html meta http equiv content type content text html charset UTF,0
index html meta name description content A bigger sample application for the ZKoss framework Uses other frameworks like Spring Spring Security Hibernate JasperReports Generic Hibernate DAO Works with a H Database who is started and demo data filled by applications deploy on a tomcat,0
index html content SourceForge presents the project is an open source application SourceForge provides the world s largest selection of Open Source Software,0
index html meta name keywords content Zk Sample ZKoss ZK RIA Ajax Framework Ajax framework Java JSF Open Source Web Development Web,0
index html div class content table border cellpadding cellspacing tbody tr,0
workspace xml window info content ui combo id Project order weight,0
core dsp tld Generates and returns the complete CSS content of all components in the,0
index html meta name robots content all,0
settings xml url https repository jboss org nexus content groups public jboss url,0
index html content Zk Sample zksample ZKoss ZK RIA Ajax Framework Ajax framework Java JSF Open Source Web Development Web forsthaus,0
index DE html meta http equiv content type content text html charset UTF,0
index html content Zk Sample zksample ZKoss ZK RIA Ajax Framework Ajax framework Java JSF Open Source Web Development Web forsthaus,0
core dsp tld Sets the page info such as the content type,0
workspace xml window info anchor right content ui combo id Hierarchy order weight,0
index html content Zk Sample zksample ZKoss ZK RIA Ajax Framework Ajax framework Java JSF Open Source Web Development Web forsthaus,0
index html meta name keywords lang en content Zk Sample ZKoss ZK RIA Ajax Framework Ajax framework Java JSF Open Source Web Development Web,0
index html meta name keywords lang de content Zk Beispiel ZKoss RIA ZK Ajax Framework Ajax framekwork Java JSF Open Source Web Entwicklung,0
settings xml url https repository jboss org nexus content groups public jboss url,0
index html meta name keywords lang en us content Zk Sample ZKoss ZK RIA Ajax Framework Ajax framework Java JSF Open Source Web Development Web,0
index html content Zk Beispiel zksample ZKoss RIA ZK Ajax Framework Ajax framekwork Java JSF Open Source Web Entwicklung forsthaus,0
pom xml url http repository jboss org nexus content groups public url,0
index html meta name robots content all,0
pom xml url dav http repos zeroturnaround com nexus content repositories zt releases url,0
index html meta http equiv content type content text html charset utf,0
springSecurityContext xml zksp intercept event path window BranchesList listBoxBranch,0
workspace xml window info anchor bottom id Cvs order weight,0
workspace xml window info anchor bottom id Version Control,0
workspace xml window info anchor bottom id Debug order weight,0
workspace xml window info anchor right id Maven,0
workspace xml window info content ui combo id Project order weight,0
workspace xml window info anchor bottom id Docker show stripe button false,0
workspace xml window info anchor bottom id Database Changes,0
workspace xml window info anchor bottom id Terminal,0
workspace xml window info id Web side tool true,0
springSecurityContext xml zksp intercept event path window BranchesList listBoxBranch,0
workspace xml window info anchor bottom id Find order,0
workspace xml window info anchor right id Database,0
workspace xml window info anchor right id Palette,0
workspace xml window info anchor bottom id Event Log side tool true,0
workspace xml window info anchor bottom id Message order,0
workspace xml window info anchor bottom id Run order,0
workspace xml window info id Structure order side tool true weight,0
workspace xml window info anchor right id Commander internal type SLIDING order type SLIDING weight,0
workspace xml window info anchor bottom id Inspection order weight,0
workspace xml window info id Designer,0
workspace xml window info anchor bottom id Java Enterprise,0
workspace xml window info anchor right content ui combo id Hierarchy order weight,0
workspace xml window info id Favorites side tool true,0
workspace xml window info anchor right id Ant Build order weight,0
workspace xml window info anchor bottom id TODO order,0
index html div,0
index html div,0
index html div class lu,0
index html div class middle,0
index html div style position absolute top px left px right px,0
index html div class top table border cellpadding cellspacing width style background image url border jpg background repeat repeat x tr td align right img alt src computer jpg width height td tr table div,0
index html div id ft,0
index html div class ru p,0
index html div,0
index html div,0
index html div middle,0
index html div left,0
index html div center,0
index html div class content table border cellpadding cellspacing tbody tr,0
index html div,0
index html div,0
index html div id projectinfo,0
index html div left,0
index html div id fad script type text javascript,0
index html div class left,0
index html div,0
index html p div,0
index html div right,0
index html script div,0
index html tr tbody table div,0
index html div class right,0
mainmenu xml iconName the path and name to an icon,0
mainmenu xml rightName if it s declared than the rightname must,0
performance db logging xml aop around pointcut ref loggingPointcut method logging,0
applicationContext db xml method like,0
performance db logging xml tx method name propagation REQUIRES NEW,0
springSecurityContext xml method is called that handles the,0
performance db logging xml aop around pointcut ref loggingPointcut method logging,0
core dsp tld can invoke this method in the HTML HEAD tag,0
core dsp tld This method is designed to use with DSP pages,0
applicationContext db xml tx method name propagation REQUIRED,0
core dsp tld This method is designed to use with DSP pages,0
springSecurityContext xml Look in GFCBaseCtrl java onEvent method,0
applicationContext hibernate xml bean class com googlecode genericdao search hibernate HibernateSearchProcessor factory method getInstanceForSessionFactory,0
springSecurityContext xml aop around pointcut ref authPointcut method loginLogging,0
springSecurityContext xml This ASPECT calls automatically the method,0
performance db logging xml aop around pointcut ref loggingPointcut method logging,0
core dsp tld This method is designed to use with DSP pages,0
springSecurityContext xml global method security secured annotations enabled,0
applicationContext guiControllers xml property name plwOrderpositions ref pagedListWrapper,0
applicationContext guiControllers xml property name plwSecRoles ref pagedListWrapper,0
applicationContext guiControllers xml property name plwOrderpositions ref pagedListWrapper,0
applicationContext guiControllers xml bean name pagedListWrapper class de forsthaus webui util pagging PagedListWrapper p pagedListService ref pagedListService,0
applicationContext guiControllers xml property name plwSecRights ref pagedListWrapper,0
applicationContext guiControllers xml property name plwSecRights ref pagedListWrapper,0
applicationContext guiControllers xml property name plwCustomers ref pagedListWrapper,0
applicationContext guiControllers xml property name plwSecGroups ref pagedListWrapper,0
applicationContext guiControllers xml property name plwSecGroups ref pagedListWrapper,0
applicationContext guiControllers xml property name plwBranche ref pagedListWrapper,0
applicationContext guiControllers xml property name plwOrderpositions ref pagedListWrapper,0
applicationContext guiControllers xml property name plwSecRoles ref pagedListWrapper,0
applicationContext guiControllers xml property name plwCustomers ref pagedListWrapper,0
web xml context param,0
pom xml artifactId spring context artifactId,0
web xml listener class org springframework web context request RequestContextListener listener class,0
core dsp tld Provides the context for mutually exclusive conditional execution,0
core dsp tld Encoding URL to prefix the context path and to provide session info,0
applicationContext guiControllers xml xmlns context http www springframework org schema context xmlns p http www springframework org schema p,0
applicationContext guiControllers xml http www springframework org schema context,0
web xml context param,0
applicationContext guiControllers xml context component scan base package de forsthaus bbruhns,0
zk xml org springframework security core context ThreadLocalSecurityContextHolderStrategy contextHolder,0
applicationContext guiControllers xml http www springframework org schema context spring context xsd,0
applicationContext guiControllers xml context annotation config,0
zk xml org springframework web context request RequestContextHolder requestAttributesHolder inheritableRequestAttributesHolder,0
web xml listener class org springframework web context ContextLoaderListener listener class,0
pom xml artifactId spring context artifactId,0
Ip Country hbm xml column name i c latitude,0
Ip Country hbm xml column name i co id,0
Ip Country hbm xml column name i c id,0
Ip Country hbm xml column name i co ip,0
Ip Country hbm xml column name i co ccd id,0
SecLoginlog hbm xml column name i c id,0
Ip Country hbm xml column name i c longitude,0
Ip Country hbm xml column name i c city length,0
springSecurityContext xml authentication provider user service ref myUserDetailsService,0
springSecurityContext xml our own user service class and point to her,0
springSecurityContext xml user and his rights,0
applicationContext guiControllers xml bean id myUserSettingsCtrl class de forsthaus webui security user MyUserSettingsCtrl parent basisCtrl,0
SecUser hbm xml class name de forsthaus backend model SecUser table sec user,0
springSecurityContext xml Per user one session,0
springSecurityContext xml salt source user property token,0
SecUser hbm xml param name sequence sec user seq param,0
springSecurityContext xml this user becames a UserDetails,0
zk xml Displays the wait indicator on every user action,0
log j xml category name org springframework beans factory,0
zk xml ui factory class,0
applicationContext db xml class org springframework beans factory config PropertyPlaceholderConfigurer,0
zk xml ui factory class,0
log j xml category name org springframework beans factory,0
applicationContext h db test xml class org springframework beans factory config PropertyPlaceholderConfigurer,0
applicationContext hibernate xml bean class com googlecode genericdao search hibernate HibernateSearchProcessor factory method getInstanceForSessionFactory,0
log j xml category name org springframework beans factory,0
mainmenu xml menuItem id menu Item Roles zulNavigation WEB INF pages sec role secRoleList zul,0
SecRole hbm xml class name de forsthaus backend model SecRole table sec role,0
SecRole hbm xml param name sequence sec role seq param,0
applicationContext guiControllers xml bean id secRoleDialogCtrl class de forsthaus webui security role SecRoleDialogCtrl parent basisCtrl scope prototype,0
applicationContext guiControllers xml bean id secRoleListCtrl class de forsthaus webui security role SecRoleListCtrl parent basisCtrl scope prototype,0
zk xml and ZK event thread got the same,0
zk xml Enable event thread for modal windows,0
applicationContext db xml thread and configuration does not allow creation of non transactional,0
zk xml disable event thread false disable event thread,0
zk xml Listener to make sure servlet thread,0
MyCalendarEvent hbm xml column name cle begin date length not null true,0
ApplicationNews hbm xml column name anw date length not null true,0
GuestBook hbm xml column name gub date length not null true,0
MyCalendarEvent hbm xml column name cle end date length not null true,0
HibernateStatistics hbm xml param name sequence hibernate statistics seq param,0
HibernateEntityStatistics hbm xml table hibernate entity statistics,0
HibernateEntityStatistics hbm xml param name sequence hibernate entity statistics seq param,0
HibernateStatistics hbm xml table hibernate statistics,0
core dsp tld Returns whether the specified tree should be visited,0
core dsp tld Returns whether the specified tree shall be rendered,0
core dsp tld a tree in the paging mold,0
workspace xml entry file file PROJECT DIR zkoss src main java de forsthaus common menu tree ZkossTreeMenuFactory java,0
workspace xml task active true id Default summary Default task,0
index DE html a active,0
workspace xml editor active true,0
index html a active,0
index html meta name description content A bigger sample application for the ZKoss framework Uses other frameworks like Spring Spring Security Hibernate JasperReports Generic Hibernate DAO Works with a H Database who is started and demo data filled by applications deploy on a tomcat,0
zk xml collect statistical data of the running app,0
applicationContext db xml for getting paged data,0
index html A bigger sample application for the ZKoss framework Uses other frameworks like Spring Spring Security Hibernate JasperReports Generic Hibernate DAO Works with a H Database who is started and demo data filled by applications deploy on a tomcat,0
core dsp tld Returns the locale for the current request,0
core dsp tld Returns whether the current locale belongs to the specified,0
SecUser hbm xml column name usr locale length,0
zk xml desktop config,0
zk xml desktop config theme provider class zkthemer ThemeProvider theme provider class,0
core jsp tld Returns the desktop info to render a desktop,0
index html content SourceForge presents the project is an open source application SourceForge provides the world s largest selection of Open Source Software,0
mainmenu xml open true false opens a menu at creation time,0
applicationContext guiServices xml bean id guiLoginLoggingPolicService,0
applicationContext guiControllers xml bean id officeDetailCtrl class de forsthaus webui office OfficeDetailCtrl parent basisCtrl scope prototype,0
applicationContext guiControllers xml bean id articleListCtrl class de forsthaus webui article ArticleListCtrl parent basisListCtrl scope prototype,0
applicationContext hibernate xml bean id chartDataDAO class de forsthaus backend dao impl ChartDataDAOImpl,0
applicationContext guiControllers xml bean id userWorkspace class de forsthaus UserWorkspace scope session,0
applicationContext guiControllers xml bean id articleDetailCtrl class de forsthaus webui article ArticleDetailCtrl parent basisCtrl scope prototype,0
applicationContext guiControllers xml bean id officeListCtrl class de forsthaus webui office OfficeListCtrl parent basisCtrl scope prototype,0
applicationContext guiControllers xml bean id branchDetailCtrl class de forsthaus webui branch BranchDetailCtrl parent basisCtrl scope prototype,0
core dsp tld when it is placed inside of hbox vbox,0
core dsp tld when it is placed inside of hbox vbox,0
applicationContext hibernate xml bean name ip CountryService class de forsthaus backend service impl Ip CountryServiceImpl,0
applicationContext hibernate xml bean id languageDAO class de forsthaus backend dao impl LanguageDAOImpl,0
YoutubeLink hbm xml column name ytb interpret length,0
applicationContext hibernate xml bean id hibernateTemplate class org springframework orm hibernate HibernateTemplate,0
applicationContext db xml HibernateTemplate handles this on its own but when,0
applicationContext hibernate xml bean name hibernateStatisticsService class de forsthaus backend service impl HibernateStatisticsServiceImpl,0
MyCalendarEvent hbm xml column name cle locked,0
mainmenu xml it s used in the mainMenuCtrl java,0
applicationContext guiControllers xml bean id mainMenuCtrl class de forsthaus common menu MainMenuCtrl scope prototype parent basisCtrl,0
applicationContext guiControllers xml bean id branchListCtrl class de forsthaus webui branch BranchListCtrl parent basisListCtrl scope prototype,0
applicationContext hibernate xml bean id ip CountryDAO class de forsthaus backend dao impl Ip CountryDAOImpl parent basisDAO,0
applicationContext hibernate xml bean id hibernateSearchSupport class de forsthaus backend dao impl HibernateSearchSupportImpl,0
applicationContext guiServices xml bean id dropDownMenuFactory class de forsthaus common menu dropdown ZkossDropDownMenuFactory,0
springSecurityContext xml for a error message by a failure,0
applicationContext guiControllers xml bean id orderDialogCtrl class de forsthaus webui order OrderDialogCtrl parent basisCtrl scope prototype,0
applicationContext hibernate xml bean name youtubeLinkService class de forsthaus backend service impl YoutubeLinkServiceImpl,0
applicationContext guiControllers xml bean id indexCtrl class de forsthaus webui index IndexCtrl parent basisCtrl scope prototype,0
applicationContext guiControllers xml bean name pagedBindingListWrapper class de forsthaus webui util pagging PagedBindingListWrapper,0
applicationContext hibernate xml bean name applicationNewsService class de forsthaus backend service impl ApplicationNewsServiceImpl,0
applicationContext guiControllers xml bean id customerListCtrl class de forsthaus webui customer CustomerListCtrl parent basisListCtrl scope prototype,0
zk xml Enable event thread for modal windows,0
applicationContext guiControllers xml bean id guestBookDialogCtrl class de forsthaus webui guestbook GuestBookDialogCtrl parent basisCtrl scope prototype,0
applicationContext hibernate xml bean name commonService class de forsthaus backend service impl CommonServiceImpl,0
applicationContext guiControllers xml bean name reportService class de forsthaus services report service impl ReportServiceImpl scope prototype,0
